"","date","Price","meanf","naive","snaive","rwf","ses","holt","splinef","thetaf","ets","tbats","arima","nnetar"
"1",2018-01-02,51.647556,NA,NA,NA,NA,NA,NA,NA,NA,NA,NA,NA,NA
"2",2018-01-03,51.014027,NA,NA,NA,NA,NA,NA,NA,NA,NA,NA,NA,NA
"3",2018-01-04,51.335667,NA,NA,NA,NA,NA,NA,NA,NA,NA,NA,NA,NA
"4",2018-01-05,51.316177,NA,NA,NA,NA,NA,NA,NA,NA,NA,NA,NA,NA
"5",2018-01-06,51.316177,NA,NA,NA,NA,NA,NA,NA,NA,NA,NA,NA,NA
"6",2018-01-07,51.316177,NA,NA,NA,NA,NA,NA,NA,NA,NA,NA,NA,NA
"7",2018-01-08,50.809345,NA,NA,NA,NA,NA,NA,NA,NA,NA,NA,NA,NA
"8",2018-01-09,50.760616,NA,NA,NA,NA,NA,NA,NA,NA,NA,NA,NA,NA
"9",2018-01-10,52.417542,NA,NA,NA,NA,NA,NA,NA,NA,NA,NA,NA,NA
"10",2018-01-11,54.990665,NA,NA,NA,NA,NA,NA,NA,NA,NA,NA,NA,NA
"11",2018-01-12,56.988728,NA,NA,NA,NA,NA,NA,NA,NA,NA,NA,NA,NA
"12",2018-01-13,56.988728,NA,NA,NA,NA,NA,NA,NA,NA,NA,NA,NA,NA
"13",2018-01-14,56.988728,NA,NA,NA,NA,NA,NA,NA,NA,NA,NA,NA,NA
"14",2018-01-15,56.988728,NA,NA,NA,NA,NA,NA,NA,NA,NA,NA,NA,NA
"15",2018-01-16,56.511139,NA,NA,NA,NA,NA,NA,NA,NA,NA,NA,NA,NA
"16",2018-01-17,56.686577,NA,NA,NA,NA,NA,NA,NA,NA,NA,NA,NA,NA
"17",2018-01-18,56.862022,NA,NA,NA,NA,NA,NA,NA,NA,NA,NA,NA,NA
"18",2018-01-19,56.589123,NA,NA,NA,NA,NA,NA,NA,NA,NA,NA,NA,NA
"19",2018-01-20,56.589123,NA,NA,NA,NA,NA,NA,NA,NA,NA,NA,NA,NA
"20",2018-01-21,56.589123,NA,NA,NA,NA,NA,NA,NA,NA,NA,NA,NA,NA
"21",2018-01-22,56.628101,NA,NA,NA,NA,NA,NA,NA,NA,NA,NA,NA,NA
"22",2018-01-23,56.813286,NA,NA,NA,NA,NA,NA,NA,NA,NA,NA,NA,NA
"23",2018-01-24,53.401958,NA,NA,NA,NA,NA,NA,NA,NA,NA,NA,NA,NA
"24",2018-01-25,51.706036,NA,NA,NA,NA,NA,NA,NA,NA,NA,NA,NA,NA
"25",2018-01-26,51.725533,NA,NA,NA,NA,NA,NA,NA,NA,NA,NA,NA,NA
"26",2018-01-27,51.725533,NA,NA,NA,NA,NA,NA,NA,NA,NA,NA,NA,NA
"27",2018-01-28,51.725533,NA,NA,NA,NA,NA,NA,NA,NA,NA,NA,NA,NA
"28",2018-01-29,51.345413,NA,NA,NA,NA,NA,NA,NA,NA,NA,NA,NA,NA
"29",2018-01-30,51.25769,NA,NA,NA,NA,NA,NA,NA,NA,NA,NA,NA,NA
"30",2018-01-31,52.943863,NA,NA,NA,NA,NA,NA,NA,NA,NA,NA,NA,NA
"31",2018-02-01,52.515015,NA,NA,NA,NA,NA,NA,NA,NA,NA,NA,NA,NA
"32",2018-02-02,50.780106,NA,NA,NA,NA,NA,NA,NA,NA,NA,NA,NA,NA
"33",2018-02-03,50.780106,NA,NA,NA,NA,NA,NA,NA,NA,NA,NA,NA,NA
"34",2018-02-04,50.780106,NA,NA,NA,NA,NA,NA,NA,NA,NA,NA,NA,NA
"35",2018-02-05,48.592651,NA,NA,NA,NA,NA,NA,NA,NA,NA,NA,NA,NA
"36",2018-02-06,49.97934,NA,NA,NA,NA,NA,NA,NA,NA,NA,NA,NA,NA
"37",2018-02-07,50.194183,NA,NA,NA,NA,NA,NA,NA,NA,NA,NA,NA,NA
"38",2018-02-08,47.459862,NA,NA,NA,NA,NA,NA,NA,NA,NA,NA,NA,NA
"39",2018-02-09,47.225498,NA,NA,NA,NA,NA,NA,NA,NA,NA,NA,NA,NA
"40",2018-02-10,47.225498,NA,NA,NA,NA,NA,NA,NA,NA,NA,NA,NA,NA
"41",2018-02-11,47.225498,NA,NA,NA,NA,NA,NA,NA,NA,NA,NA,NA,NA
"42",2018-02-12,48.914917,NA,NA,NA,NA,NA,NA,NA,NA,NA,NA,NA,NA
"43",2018-02-13,49.676613,NA,NA,NA,NA,NA,NA,NA,NA,NA,NA,NA,NA
"44",2018-02-14,49.871922,NA,NA,NA,NA,NA,NA,NA,NA,NA,NA,NA,NA
"45",2018-02-15,50.457844,NA,NA,NA,NA,NA,NA,NA,NA,NA,NA,NA,NA
"46",2018-02-16,50.369961,NA,NA,NA,NA,NA,NA,NA,NA,NA,NA,NA,NA
"47",2018-02-17,50.369961,NA,NA,NA,NA,NA,NA,NA,NA,NA,NA,NA,NA
"48",2018-02-18,50.369961,NA,NA,NA,NA,NA,NA,NA,NA,NA,NA,NA,NA
"49",2018-02-19,50.369961,NA,NA,NA,NA,NA,NA,NA,NA,NA,NA,NA,NA
"50",2018-02-20,50.50668,NA,NA,NA,NA,NA,NA,NA,NA,NA,NA,NA,NA
"51",2018-02-21,51.541805,NA,NA,NA,NA,NA,NA,NA,NA,NA,NA,NA,NA
"52",2018-02-22,51.737114,NA,NA,NA,NA,NA,NA,NA,NA,NA,NA,NA,NA
"53",2018-02-23,52.137501,NA,NA,NA,NA,NA,NA,NA,NA,NA,NA,NA,NA
"54",2018-02-24,52.137501,NA,NA,NA,NA,NA,NA,NA,NA,NA,NA,NA,NA
"55",2018-02-25,52.137501,NA,NA,NA,NA,NA,NA,NA,NA,NA,NA,NA,NA
"56",2018-02-26,53.709732,NA,NA,NA,NA,NA,NA,NA,NA,NA,NA,NA,NA
"57",2018-02-27,52.987091,NA,NA,NA,NA,NA,NA,NA,NA,NA,NA,NA,NA
"58",2018-02-28,52.977322,NA,NA,NA,NA,NA,NA,NA,NA,NA,NA,NA,NA
"59",2018-03-01,52.225388,NA,NA,NA,NA,NA,NA,NA,NA,NA,NA,NA,NA
"60",2018-03-02,51.932419,NA,NA,NA,NA,NA,NA,NA,NA,NA,NA,NA,NA
"61",2018-03-03,51.932419,NA,NA,NA,NA,NA,NA,NA,NA,NA,NA,NA,NA
"62",2018-03-04,51.932419,NA,NA,NA,NA,NA,NA,NA,NA,NA,NA,NA,NA
"63",2018-03-05,51.942188,NA,NA,NA,NA,NA,NA,NA,NA,NA,NA,NA,NA
"64",2018-03-06,52.313274,NA,NA,NA,NA,NA,NA,NA,NA,NA,NA,NA,NA
"65",2018-03-07,52.840611,NA,NA,NA,NA,NA,NA,NA,NA,NA,NA,NA,NA
"66",2018-03-08,53.504654,NA,NA,NA,NA,NA,NA,NA,NA,NA,NA,NA,NA
"67",2018-03-09,54.754623,NA,NA,NA,NA,NA,NA,NA,NA,NA,NA,NA,NA
"68",2018-03-10,54.754623,NA,NA,NA,NA,NA,NA,NA,NA,NA,NA,NA,NA
"69",2018-03-11,54.754623,NA,NA,NA,NA,NA,NA,NA,NA,NA,NA,NA,NA
"70",2018-03-12,55.174538,NA,NA,NA,NA,NA,NA,NA,NA,NA,NA,NA,NA
"71",2018-03-13,54.91087,NA,NA,NA,NA,NA,NA,NA,NA,NA,NA,NA,NA
"72",2018-03-14,53.983154,NA,NA,NA,NA,NA,NA,NA,NA,NA,NA,NA,NA
"73",2018-03-15,53.875736,NA,NA,NA,NA,NA,NA,NA,NA,NA,NA,NA,NA
"74",2018-03-16,54.100346,NA,NA,NA,NA,NA,NA,NA,NA,NA,NA,NA,NA
"75",2018-03-17,54.100346,NA,NA,NA,NA,NA,NA,NA,NA,NA,NA,NA,NA
"76",2018-03-18,54.100346,NA,NA,NA,NA,NA,NA,NA,NA,NA,NA,NA,NA
"77",2018-03-19,53.338638,NA,NA,NA,NA,NA,NA,NA,NA,NA,NA,NA,NA
"78",2018-03-20,54.022221,NA,NA,NA,NA,NA,NA,NA,NA,NA,NA,NA,NA
"79",2018-03-21,52.821072,NA,NA,NA,NA,NA,NA,NA,NA,NA,NA,NA,NA
"80",2018-03-22,51.082836,NA,NA,NA,NA,NA,NA,NA,NA,NA,NA,NA,NA
"81",2018-03-23,49.813328,NA,NA,NA,NA,NA,NA,NA,NA,NA,NA,NA,NA
"82",2018-03-24,49.813328,NA,NA,NA,NA,NA,NA,NA,NA,NA,NA,NA,NA
"83",2018-03-25,49.813328,NA,NA,NA,NA,NA,NA,NA,NA,NA,NA,NA,NA
"84",2018-03-26,50.643394,NA,NA,NA,NA,NA,NA,NA,NA,NA,NA,NA,NA
"85",2018-03-27,49.705917,NA,NA,NA,NA,NA,NA,NA,NA,NA,NA,NA,NA
"86",2018-03-28,49.657082,NA,NA,NA,NA,NA,NA,NA,NA,NA,NA,NA,NA
"87",2018-03-29,50.741039,NA,NA,NA,NA,NA,NA,NA,NA,NA,NA,NA,NA
"88",2018-03-30,50.741039,NA,NA,NA,NA,NA,NA,NA,NA,NA,NA,NA,NA
"89",2018-03-31,50.741039,NA,NA,NA,NA,NA,NA,NA,NA,NA,NA,NA,NA
"90",2018-04-01,50.741039,NA,NA,NA,NA,NA,NA,NA,NA,NA,NA,NA,NA
"91",2018-04-02,48.612186,NA,NA,NA,NA,NA,NA,NA,NA,NA,NA,NA,NA
"92",2018-04-03,50.262543,NA,NA,NA,NA,NA,NA,NA,NA,NA,NA,NA,NA
"93",2018-04-04,50.819168,NA,NA,NA,NA,NA,NA,NA,NA,NA,NA,NA,NA
"94",2018-04-05,50.916813,NA,NA,NA,NA,NA,NA,NA,NA,NA,NA,NA,NA
"95",2018-04-06,49.110222,NA,NA,NA,NA,NA,NA,NA,NA,NA,NA,NA,NA
"96",2018-04-07,49.110222,NA,NA,NA,NA,NA,NA,NA,NA,NA,NA,NA,NA
"97",2018-04-08,49.110222,NA,NA,NA,NA,NA,NA,NA,NA,NA,NA,NA,NA
"98",2018-04-09,48.651249,NA,NA,NA,NA,NA,NA,NA,NA,NA,NA,NA,NA
"99",2018-04-10,46.346611,NA,NA,NA,NA,NA,NA,NA,NA,NA,NA,NA,NA
"100",2018-04-11,44.334946,NA,NA,NA,NA,NA,NA,NA,NA,NA,NA,NA,NA
"101",2018-04-12,45.477493,NA,NA,NA,NA,NA,NA,NA,NA,NA,NA,NA,NA
"102",2018-04-13,44.793915,NA,NA,NA,NA,NA,NA,NA,NA,NA,NA,NA,NA
"103",2018-04-14,44.793915,NA,NA,NA,NA,NA,NA,NA,NA,NA,NA,NA,NA
"104",2018-04-15,44.793915,NA,NA,NA,NA,NA,NA,NA,NA,NA,NA,NA,NA
"105",2018-04-16,45.311485,NA,NA,NA,NA,NA,NA,NA,NA,NA,NA,NA,NA
"106",2018-04-17,44.676727,NA,NA,NA,NA,NA,NA,NA,NA,NA,NA,NA,NA
"107",2018-04-18,46.639568,NA,NA,NA,NA,NA,NA,NA,NA,NA,NA,NA,NA
"108",2018-04-19,45.78022,NA,NA,NA,NA,NA,NA,NA,NA,NA,NA,NA,NA
"109",2018-04-20,45.68256,NA,NA,NA,NA,NA,NA,NA,NA,NA,NA,NA,NA
"110",2018-04-21,45.68256,NA,NA,NA,NA,NA,NA,NA,NA,NA,NA,NA,NA
"111",2018-04-22,45.68256,NA,NA,NA,NA,NA,NA,NA,NA,NA,NA,NA,NA
"112",2018-04-23,45.584911,NA,NA,NA,NA,NA,NA,NA,NA,NA,NA,NA,NA
"113",2018-04-24,44.618134,NA,NA,NA,NA,NA,NA,NA,NA,NA,NA,NA,NA
"114",2018-04-25,44.188461,NA,NA,NA,NA,NA,NA,NA,NA,NA,NA,NA,NA
"115",2018-04-26,41.376022,NA,NA,NA,NA,NA,NA,NA,NA,NA,NA,NA,NA
"116",2018-04-27,42.381859,NA,NA,NA,NA,NA,NA,NA,NA,NA,NA,NA,NA
"117",2018-04-28,42.381859,NA,NA,NA,NA,NA,NA,NA,NA,NA,NA,NA,NA
"118",2018-04-29,42.381859,NA,NA,NA,NA,NA,NA,NA,NA,NA,NA,NA,NA
"119",2018-04-30,41.922886,NA,NA,NA,NA,NA,NA,NA,NA,NA,NA,NA,NA
"120",2018-05-01,42.342793,NA,NA,NA,NA,NA,NA,NA,NA,NA,NA,NA,NA
"121",2018-05-02,41.249073,NA,NA,NA,NA,NA,NA,NA,NA,NA,NA,NA,NA
"122",2018-05-03,41.122124,NA,NA,NA,NA,NA,NA,NA,NA,NA,NA,NA,NA
"123",2018-05-04,41.854527,NA,NA,NA,NA,NA,NA,NA,NA,NA,NA,NA,NA
"124",2018-05-05,41.854527,NA,NA,NA,NA,NA,NA,NA,NA,NA,NA,NA,NA
"125",2018-05-06,41.854527,NA,NA,NA,NA,NA,NA,NA,NA,NA,NA,NA,NA
"126",2018-05-07,41.541302,NA,NA,NA,NA,NA,NA,NA,NA,NA,NA,NA,NA
"127",2018-05-08,42.089439,NA,NA,NA,NA,NA,NA,NA,NA,NA,NA,NA,NA
"128",2018-05-09,40.621204,NA,NA,NA,NA,NA,NA,NA,NA,NA,NA,NA,NA
"129",2018-05-10,41.149773,NA,NA,NA,NA,NA,NA,NA,NA,NA,NA,NA,NA
"130",2018-05-11,41.697918,NA,NA,NA,NA,NA,NA,NA,NA,NA,NA,NA,NA
"131",2018-05-12,41.697918,NA,NA,NA,NA,NA,NA,NA,NA,NA,NA,NA,NA
"132",2018-05-13,41.697918,NA,NA,NA,NA,NA,NA,NA,NA,NA,NA,NA,NA
"133",2018-05-14,41.560879,NA,NA,NA,NA,NA,NA,NA,NA,NA,NA,NA,NA
"134",2018-05-15,42.275425,NA,NA,NA,NA,NA,NA,NA,NA,NA,NA,NA,NA
"135",2018-05-16,43.126999,NA,NA,NA,NA,NA,NA,NA,NA,NA,NA,NA,NA
"136",2018-05-17,42.7061,NA,NA,NA,NA,NA,NA,NA,NA,NA,NA,NA,NA
"137",2018-05-18,42.461399,NA,NA,NA,NA,NA,NA,NA,NA,NA,NA,NA,NA
"138",2018-05-19,42.461399,NA,NA,NA,NA,NA,NA,NA,NA,NA,NA,NA,NA
"139",2018-05-20,42.461399,NA,NA,NA,NA,NA,NA,NA,NA,NA,NA,NA,NA
"140",2018-05-21,43.342335,NA,NA,NA,NA,NA,NA,NA,NA,NA,NA,NA,NA
"141",2018-05-22,41.971981,NA,NA,NA,NA,NA,NA,NA,NA,NA,NA,NA,NA
"142",2018-05-23,41.893673,NA,NA,NA,NA,NA,NA,NA,NA,NA,NA,NA,NA
"143",2018-05-24,42.637589,NA,NA,NA,NA,NA,NA,NA,NA,NA,NA,NA,NA
"144",2018-05-25,43.958996,NA,NA,NA,NA,NA,NA,NA,NA,NA,NA,NA,NA
"145",2018-05-26,43.958996,NA,NA,NA,NA,NA,NA,NA,NA,NA,NA,NA,NA
"146",2018-05-27,43.958996,NA,NA,NA,NA,NA,NA,NA,NA,NA,NA,NA,NA
"147",2018-05-28,43.958996,NA,NA,NA,NA,NA,NA,NA,NA,NA,NA,NA,NA
"148",2018-05-29,42.666946,NA,NA,NA,NA,NA,NA,NA,NA,NA,NA,NA,NA
"149",2018-05-30,42.383091,NA,NA,NA,NA,NA,NA,NA,NA,NA,NA,NA,NA
"150",2018-05-31,42.618011,NA,NA,NA,NA,NA,NA,NA,NA,NA,NA,NA,NA
"151",2018-06-01,43.068272,NA,NA,NA,NA,NA,NA,NA,NA,NA,NA,NA,NA
"152",2018-06-02,43.068272,NA,NA,NA,NA,NA,NA,NA,NA,NA,NA,NA,NA
"153",2018-06-03,43.068272,NA,NA,NA,NA,NA,NA,NA,NA,NA,NA,NA,NA
"154",2018-06-04,43.910057,NA,NA,NA,NA,NA,NA,NA,NA,NA,NA,NA,NA
"155",2018-06-05,43.244461,NA,NA,NA,NA,NA,NA,NA,NA,NA,NA,NA,NA
"156",2018-06-06,43.254242,NA,NA,NA,NA,NA,NA,NA,NA,NA,NA,NA,NA
"157",2018-06-07,42.911655,NA,NA,NA,NA,NA,NA,NA,NA,NA,NA,NA,NA
"158",2018-06-08,42.197113,NA,NA,NA,NA,NA,NA,NA,NA,NA,NA,NA,NA
"159",2018-06-09,42.197113,NA,NA,NA,NA,NA,NA,NA,NA,NA,NA,NA,NA
"160",2018-06-10,42.197113,NA,NA,NA,NA,NA,NA,NA,NA,NA,NA,NA,NA
"161",2018-06-11,43.22488,NA,NA,NA,NA,NA,NA,NA,NA,NA,NA,NA,NA
"162",2018-06-12,42.490761,NA,NA,NA,NA,NA,NA,NA,NA,NA,NA,NA,NA
"163",2018-06-13,42.011131,NA,NA,NA,NA,NA,NA,NA,NA,NA,NA,NA,NA
"164",2018-06-14,42.167755,NA,NA,NA,NA,NA,NA,NA,NA,NA,NA,NA,NA
"165",2018-06-15,41.864315,NA,NA,NA,NA,NA,NA,NA,NA,NA,NA,NA,NA
"166",2018-06-16,41.864315,NA,NA,NA,NA,NA,NA,NA,NA,NA,NA,NA,NA
"167",2018-06-17,41.864315,NA,NA,NA,NA,NA,NA,NA,NA,NA,NA,NA,NA
"168",2018-06-18,41.541302,NA,NA,NA,NA,NA,NA,NA,NA,NA,NA,NA,NA
"169",2018-06-19,40.631001,NA,NA,NA,NA,NA,NA,NA,NA,NA,NA,NA,NA
"170",2018-06-20,41.13998,NA,NA,NA,NA,NA,NA,NA,NA,NA,NA,NA,NA
"171",2018-06-21,40.611423,NA,NA,NA,NA,NA,NA,NA,NA,NA,NA,NA,NA
"172",2018-06-22,40.474384,NA,NA,NA,NA,NA,NA,NA,NA,NA,NA,NA,NA
"173",2018-06-23,40.474384,NA,NA,NA,NA,NA,NA,NA,NA,NA,NA,NA,NA
"174",2018-06-24,40.474384,NA,NA,NA,NA,NA,NA,NA,NA,NA,NA,NA,NA
"175",2018-06-25,38.839748,NA,NA,NA,NA,NA,NA,NA,NA,NA,NA,NA,NA
"176",2018-06-26,38.262241,NA,NA,NA,NA,NA,NA,NA,NA,NA,NA,NA,NA
"177",2018-06-27,37.449818,NA,NA,NA,NA,NA,NA,NA,NA,NA,NA,NA,NA
"178",2018-06-28,37.391087,NA,NA,NA,NA,NA,NA,NA,NA,NA,NA,NA,NA
"179",2018-06-29,37.156174,NA,NA,NA,NA,NA,NA,NA,NA,NA,NA,NA,NA
"180",2018-06-30,37.156174,NA,NA,NA,NA,NA,NA,NA,NA,NA,NA,NA,NA
"181",2018-07-01,37.156174,NA,NA,NA,NA,NA,NA,NA,NA,NA,NA,NA,NA
"182",2018-07-02,37.547703,NA,NA,NA,NA,NA,NA,NA,NA,NA,NA,NA,NA
"183",2018-07-03,36.950615,NA,NA,NA,NA,NA,NA,NA,NA,NA,NA,NA,NA
"184",2018-07-04,36.950615,NA,NA,NA,NA,NA,NA,NA,NA,NA,NA,NA,NA
"185",2018-07-05,37.185535,NA,NA,NA,NA,NA,NA,NA,NA,NA,NA,NA,NA
"186",2018-07-06,37.283417,NA,NA,NA,NA,NA,NA,NA,NA,NA,NA,NA,NA
"187",2018-07-07,37.283417,NA,NA,NA,NA,NA,NA,NA,NA,NA,NA,NA,NA
"188",2018-07-08,37.283417,NA,NA,NA,NA,NA,NA,NA,NA,NA,NA,NA,NA
"189",2018-07-09,38.477585,NA,NA,NA,NA,NA,NA,NA,NA,NA,NA,NA,NA
"190",2018-07-10,38.291603,NA,NA,NA,NA,NA,NA,NA,NA,NA,NA,NA,NA
"191",2018-07-11,35.198521,NA,NA,NA,NA,NA,NA,NA,NA,NA,NA,NA,NA
"192",2018-07-12,35.560692,NA,NA,NA,NA,NA,NA,NA,NA,NA,NA,NA,NA
"193",2018-07-13,36.333954,NA,NA,NA,NA,NA,NA,NA,NA,NA,NA,NA,NA
"194",2018-07-14,36.333954,NA,NA,NA,NA,NA,NA,NA,NA,NA,NA,NA,NA
"195",2018-07-15,36.333954,NA,NA,NA,NA,NA,NA,NA,NA,NA,NA,NA,NA
"196",2018-07-16,36.490562,NA,NA,NA,NA,NA,NA,NA,NA,NA,NA,NA,NA
"197",2018-07-17,36.588451,NA,NA,NA,NA,NA,NA,NA,NA,NA,NA,NA,NA
"198",2018-07-18,37.557487,NA,NA,NA,NA,NA,NA,NA,NA,NA,NA,NA,NA
"199",2018-07-19,37.322571,NA,NA,NA,NA,NA,NA,NA,NA,NA,NA,NA,NA
"200",2018-07-20,37.077866,NA,NA,NA,NA,NA,NA,NA,NA,NA,NA,NA,NA
"201",2018-07-21,37.077866,NA,NA,NA,NA,NA,NA,NA,NA,NA,NA,NA,NA
"202",2018-07-22,37.077866,NA,NA,NA,NA,NA,NA,NA,NA,NA,NA,NA,NA
"203",2018-07-23,37.234474,NA,NA,NA,NA,NA,NA,NA,NA,NA,NA,NA,NA
"204",2018-07-24,36.656971,NA,NA,NA,NA,NA,NA,NA,NA,NA,NA,NA,NA
"205",2018-07-25,37.381298,NA,NA,NA,NA,NA,NA,NA,NA,NA,NA,NA,NA
"206",2018-07-26,39.172543,NA,NA,NA,NA,NA,NA,NA,NA,NA,NA,NA,NA
"207",2018-07-27,38.849537,NA,NA,NA,NA,NA,NA,NA,NA,NA,NA,NA,NA
"208",2018-07-28,38.849537,NA,NA,NA,NA,NA,NA,NA,NA,NA,NA,NA,NA
"209",2018-07-29,38.849537,NA,NA,NA,NA,NA,NA,NA,NA,NA,NA,NA,NA
"210",2018-07-30,38.144783,NA,NA,NA,NA,NA,NA,NA,NA,NA,NA,NA,NA
"211",2018-07-31,38.702713,NA,NA,NA,NA,NA,NA,NA,NA,NA,NA,NA,NA
"212",2018-08-01,37.332352,NA,NA,NA,NA,NA,NA,NA,NA,NA,NA,NA,NA
"213",2018-08-02,37.126804,NA,NA,NA,NA,NA,NA,NA,NA,NA,NA,NA,NA
"214",2018-08-03,37.606434,NA,NA,NA,NA,NA,NA,NA,NA,NA,NA,NA,NA
"215",2018-08-04,37.606434,NA,NA,NA,NA,NA,NA,NA,NA,NA,NA,NA,NA
"216",2018-08-05,37.606434,NA,NA,NA,NA,NA,NA,NA,NA,NA,NA,NA,NA
"217",2018-08-06,37.694752,NA,NA,NA,NA,NA,NA,NA,NA,NA,NA,NA,NA
"218",2018-08-07,37.547546,NA,NA,NA,NA,NA,NA,NA,NA,NA,NA,NA,NA
"219",2018-08-08,37.66531,NA,NA,NA,NA,NA,NA,NA,NA,NA,NA,NA,NA
"220",2018-08-09,37.213875,NA,NA,NA,NA,NA,NA,NA,NA,NA,NA,NA,NA
"221",2018-08-10,36.566166,NA,NA,NA,NA,NA,NA,NA,NA,NA,NA,NA,NA
"222",2018-08-11,36.566166,NA,NA,NA,NA,NA,NA,NA,NA,NA,NA,NA,NA
"223",2018-08-12,36.566166,NA,NA,NA,NA,NA,NA,NA,NA,NA,NA,NA,NA
"224",2018-08-13,36.104919,NA,NA,NA,NA,NA,NA,NA,NA,NA,NA,NA,NA
"225",2018-08-14,36.39933,NA,NA,NA,NA,NA,NA,NA,NA,NA,NA,NA,NA
"226",2018-08-15,36.742809,NA,NA,NA,NA,NA,NA,NA,NA,NA,NA,NA,NA
"227",2018-08-16,37.449406,NA,NA,NA,NA,NA,NA,NA,NA,NA,NA,NA,NA
"228",2018-08-17,37.086296,NA,NA,NA,NA,NA,NA,NA,NA,NA,NA,NA,NA
"229",2018-08-18,37.086296,NA,NA,NA,NA,NA,NA,NA,NA,NA,NA,NA,NA
"230",2018-08-19,37.086296,NA,NA,NA,NA,NA,NA,NA,NA,NA,NA,NA,NA
"231",2018-08-20,39.245338,NA,NA,NA,NA,NA,NA,NA,NA,NA,NA,NA,NA
"232",2018-08-21,39.578999,NA,NA,NA,NA,NA,NA,NA,NA,NA,NA,NA,NA
"233",2018-08-22,38.460224,NA,NA,NA,NA,NA,NA,NA,NA,NA,NA,NA,NA
"234",2018-08-23,38.106937,NA,NA,NA,NA,NA,NA,NA,NA,NA,NA,NA,NA
"235",2018-08-24,38.097118,NA,NA,NA,NA,NA,NA,NA,NA,NA,NA,NA,NA
"236",2018-08-25,38.097118,NA,NA,NA,NA,NA,NA,NA,NA,NA,NA,NA,NA
"237",2018-08-26,38.097118,NA,NA,NA,NA,NA,NA,NA,NA,NA,NA,NA,NA
"238",2018-08-27,38.784088,NA,NA,NA,NA,NA,NA,NA,NA,NA,NA,NA,NA
"239",2018-08-28,39.932289,NA,NA,NA,NA,NA,NA,NA,NA,NA,NA,NA,NA
"240",2018-08-29,39.745834,NA,NA,NA,NA,NA,NA,NA,NA,NA,NA,NA,NA
"241",2018-08-30,39.647697,NA,NA,NA,NA,NA,NA,NA,NA,NA,NA,NA,NA
"242",2018-08-31,39.726204,NA,NA,NA,NA,NA,NA,NA,NA,NA,NA,NA,NA
"243",2018-09-01,39.726204,NA,NA,NA,NA,NA,NA,NA,NA,NA,NA,NA,NA
"244",2018-09-02,39.726204,NA,NA,NA,NA,NA,NA,NA,NA,NA,NA,NA,NA
"245",2018-09-03,39.726204,NA,NA,NA,NA,NA,NA,NA,NA,NA,NA,NA,NA
"246",2018-09-04,40.010807,NA,NA,NA,NA,NA,NA,NA,NA,NA,NA,NA,NA
"247",2018-09-05,38.93129,NA,NA,NA,NA,NA,NA,NA,NA,NA,NA,NA,NA
"248",2018-09-06,37.763451,NA,NA,NA,NA,NA,NA,NA,NA,NA,NA,NA,NA
"249",2018-09-07,37.714378,NA,NA,NA,NA,NA,NA,NA,NA,NA,NA,NA,NA
"250",2018-09-08,37.714378,NA,NA,NA,NA,NA,NA,NA,NA,NA,NA,NA,NA
"251",2018-09-09,37.714378,NA,NA,NA,NA,NA,NA,NA,NA,NA,NA,NA,NA
"252",2018-09-10,38.695759,NA,NA,NA,NA,NA,NA,NA,NA,NA,NA,NA,NA
"253",2018-09-11,39.431789,NA,NA,NA,NA,NA,NA,NA,NA,NA,NA,NA,NA
"254",2018-09-12,38.528919,NA,NA,NA,NA,NA,NA,NA,NA,NA,NA,NA,NA
"255",2018-09-13,38.744823,NA,NA,NA,NA,NA,NA,NA,NA,NA,NA,NA,NA
"256",2018-09-14,38.999989,NA,NA,NA,NA,NA,NA,NA,NA,NA,NA,NA,NA
"257",2018-09-15,38.999989,NA,NA,NA,NA,NA,NA,NA,NA,NA,NA,NA,NA
"258",2018-09-16,38.999989,NA,NA,NA,NA,NA,NA,NA,NA,NA,NA,NA,NA
"259",2018-09-17,39.569183,NA,NA,NA,NA,NA,NA,NA,NA,NA,NA,NA,NA
"260",2018-09-18,40.030434,NA,NA,NA,NA,NA,NA,NA,NA,NA,NA,NA,NA
"261",2018-09-19,40.825348,NA,NA,NA,NA,NA,NA,NA,NA,NA,NA,NA,NA
"262",2018-09-20,41.109947,NA,NA,NA,NA,NA,NA,NA,NA,NA,NA,NA,NA
"263",2018-09-21,42.788105,NA,NA,NA,NA,NA,NA,NA,NA,NA,NA,NA,NA
"264",2018-09-22,42.788105,NA,NA,NA,NA,NA,NA,NA,NA,NA,NA,NA,NA
"265",2018-09-23,42.788105,NA,NA,NA,NA,NA,NA,NA,NA,NA,NA,NA,NA
"266",2018-09-24,41.198277,NA,NA,NA,NA,NA,NA,NA,NA,NA,NA,NA,NA
"267",2018-09-25,40.05006,NA,NA,NA,NA,NA,NA,NA,NA,NA,NA,NA,NA
"268",2018-09-26,40.27578,NA,NA,NA,NA,NA,NA,NA,NA,NA,NA,NA,NA
"269",2018-09-27,40.727211,NA,NA,NA,NA,NA,NA,NA,NA,NA,NA,NA,NA
"270",2018-09-28,40.560383,NA,NA,NA,NA,NA,NA,NA,NA,NA,NA,NA,NA
"271",2018-09-29,40.560383,NA,NA,NA,NA,NA,NA,NA,NA,NA,NA,NA,NA
"272",2018-09-30,40.560383,NA,NA,NA,NA,NA,NA,NA,NA,NA,NA,NA,NA
"273",2018-10-01,38.872402,NA,NA,NA,NA,NA,NA,NA,NA,NA,NA,NA,NA
"274",2018-10-02,37.783073,NA,NA,NA,NA,NA,NA,NA,NA,NA,NA,NA,NA
"275",2018-10-03,38.077488,NA,NA,NA,NA,NA,NA,NA,NA,NA,NA,NA,NA
"276",2018-10-04,37.213875,NA,NA,NA,NA,NA,NA,NA,NA,NA,NA,NA,NA
"277",2018-10-05,35.761436,NA,NA,NA,NA,NA,NA,NA,NA,NA,NA,NA,NA
"278",2018-10-06,35.761436,NA,NA,NA,NA,NA,NA,NA,NA,NA,NA,NA,NA
"279",2018-10-07,35.761436,NA,NA,NA,NA,NA,NA,NA,NA,NA,NA,NA,NA
"280",2018-10-08,35.231495,NA,NA,NA,NA,NA,NA,NA,NA,NA,NA,NA,NA
"281",2018-10-09,32.925251,NA,NA,NA,NA,NA,NA,NA,NA,NA,NA,NA,NA
"282",2018-10-10,31.021378,NA,NA,NA,NA,NA,NA,NA,NA,NA,NA,NA,NA
"283",2018-10-11,30.687708,NA,NA,NA,NA,NA,NA,NA,NA,NA,NA,NA,NA
"284",2018-10-12,30.334414,NA,NA,NA,NA,NA,NA,NA,NA,NA,NA,NA,NA
"285",2018-10-13,30.334414,NA,NA,NA,NA,NA,NA,NA,NA,NA,NA,NA,NA
"286",2018-10-14,30.334414,NA,NA,NA,NA,NA,NA,NA,NA,NA,NA,NA,NA
"287",2018-10-15,31.188215,NA,NA,NA,NA,NA,NA,NA,NA,NA,NA,NA,NA
"288",2018-10-16,32.660275,NA,NA,NA,NA,NA,NA,NA,NA,NA,NA,NA,NA
"289",2018-10-17,32.944885,NA,NA,NA,NA,NA,NA,NA,NA,NA,NA,NA,NA
"290",2018-10-18,31.462999,NA,NA,NA,NA,NA,NA,NA,NA,NA,NA,NA,NA
"291",2018-10-19,31.443371,NA,NA,NA,NA,NA,NA,NA,NA,NA,NA,NA,NA
"292",2018-10-20,31.443371,NA,NA,NA,NA,NA,NA,NA,NA,NA,NA,NA,NA
"293",2018-10-21,31.443371,NA,NA,NA,NA,NA,NA,NA,NA,NA,NA,NA,NA
"294",2018-10-22,31.561134,NA,NA,NA,NA,NA,NA,NA,NA,NA,NA,NA,NA
"295",2018-10-23,31.777042,NA,NA,NA,NA,NA,NA,NA,NA,NA,NA,NA,NA
"296",2018-10-24,29.775028,NA,NA,NA,NA,NA,NA,NA,NA,NA,NA,NA,NA
"297",2018-10-25,31.767223,NA,NA,NA,NA,NA,NA,NA,NA,NA,NA,NA,NA
"298",2018-10-26,31.855549,NA,NA,NA,NA,NA,NA,NA,NA,NA,NA,NA,NA
"299",2018-10-27,31.855549,NA,NA,NA,NA,NA,NA,NA,NA,NA,NA,NA,NA
"300",2018-10-28,31.855549,NA,NA,NA,NA,NA,NA,NA,NA,NA,NA,NA,NA
"301",2018-10-29,31.992941,NA,NA,NA,NA,NA,NA,NA,NA,NA,NA,NA,NA
"302",2018-10-30,34.01458,NA,NA,NA,NA,NA,NA,NA,NA,NA,NA,NA,NA
"303",2018-10-31,34.426765,NA,NA,NA,NA,NA,NA,NA,NA,NA,NA,NA,NA
"304",2018-11-01,35.692741,NA,NA,NA,NA,NA,NA,NA,NA,NA,NA,NA,NA
"305",2018-11-02,35.653492,NA,NA,NA,NA,NA,NA,NA,NA,NA,NA,NA,NA
"306",2018-11-03,35.653492,NA,NA,NA,NA,NA,NA,NA,NA,NA,NA,NA,NA
"307",2018-11-04,35.653492,NA,NA,NA,NA,NA,NA,NA,NA,NA,NA,NA,NA
"308",2018-11-05,35.151604,NA,NA,NA,NA,NA,NA,NA,NA,NA,NA,NA,NA
"309",2018-11-06,34.610352,NA,NA,NA,NA,NA,NA,NA,NA,NA,NA,NA,NA
"310",2018-11-07,36.38171,NA,NA,NA,NA,NA,NA,NA,NA,NA,NA,NA,NA
"311",2018-11-08,36.273464,NA,NA,NA,NA,NA,NA,NA,NA,NA,NA,NA,NA
"312",2018-11-09,35.643646,NA,NA,NA,NA,NA,NA,NA,NA,NA,NA,NA,NA
"313",2018-11-10,35.643646,NA,NA,NA,NA,NA,NA,NA,NA,NA,NA,NA,NA
"314",2018-11-11,35.643646,NA,NA,NA,NA,NA,NA,NA,NA,NA,NA,NA,NA
"315",2018-11-12,36.273464,NA,NA,NA,NA,NA,NA,NA,NA,NA,NA,NA,NA
"316",2018-11-13,37.178822,NA,NA,NA,NA,NA,NA,NA,NA,NA,NA,NA,NA
"317",2018-11-14,37.503567,NA,NA,NA,NA,NA,NA,NA,NA,NA,NA,NA,NA
"318",2018-11-15,37.218185,NA,NA,NA,NA,NA,NA,NA,NA,NA,NA,NA,NA
"319",2018-11-16,36.165215,NA,NA,NA,NA,NA,NA,NA,NA,NA,NA,NA,NA
"320",2018-11-17,36.165215,NA,NA,NA,NA,NA,NA,NA,NA,NA,NA,NA,NA
"321",2018-11-18,36.165215,NA,NA,NA,NA,NA,NA,NA,NA,NA,NA,NA,NA
"322",2018-11-19,35.250008,NA,NA,NA,NA,NA,NA,NA,NA,NA,NA,NA,NA
"323",2018-11-20,35.023674,NA,NA,NA,NA,NA,NA,NA,NA,NA,NA,NA,NA
"324",2018-11-21,35.732208,NA,NA,NA,NA,NA,NA,NA,NA,NA,NA,NA,NA
"325",2018-11-22,35.732208,NA,NA,NA,NA,NA,NA,NA,NA,NA,NA,NA,NA
"326",2018-11-23,37.346115,NA,NA,NA,NA,NA,NA,NA,NA,NA,NA,NA,NA
"327",2018-11-24,37.346115,NA,NA,NA,NA,NA,NA,NA,NA,NA,NA,NA,NA
"328",2018-11-25,37.346115,NA,NA,NA,NA,NA,NA,NA,NA,NA,NA,NA,NA
"329",2018-11-26,37.493725,NA,NA,NA,NA,NA,NA,NA,NA,NA,NA,NA,NA
"330",2018-11-27,37.680706,NA,NA,NA,NA,NA,NA,NA,NA,NA,NA,NA,NA
"331",2018-11-28,38.320358,NA,NA,NA,NA,NA,NA,NA,NA,NA,NA,NA,NA
"332",2018-11-29,37.80864,NA,NA,NA,NA,NA,NA,NA,NA,NA,NA,NA,NA
"333",2018-11-30,39.520947,NA,NA,NA,NA,NA,NA,NA,NA,NA,NA,NA,NA
"334",2018-12-01,39.520947,NA,NA,NA,NA,NA,NA,NA,NA,NA,NA,NA,NA
"335",2018-12-02,39.520947,NA,NA,NA,NA,NA,NA,NA,NA,NA,NA,NA,NA
"336",2018-12-03,39.019066,NA,NA,NA,NA,NA,NA,NA,NA,NA,NA,NA,NA
"337",2018-12-04,36.106163,NA,NA,NA,NA,NA,NA,NA,NA,NA,NA,NA,NA
"338",2018-12-05,36.106163,NA,NA,NA,NA,NA,NA,NA,NA,NA,NA,NA,NA
"339",2018-12-06,36.352184,NA,NA,NA,NA,NA,NA,NA,NA,NA,NA,NA,NA
"340",2018-12-07,33.035812,NA,NA,NA,NA,NA,NA,NA,NA,NA,NA,NA,NA
"341",2018-12-08,33.035812,NA,NA,NA,NA,NA,NA,NA,NA,NA,NA,NA,NA
"342",2018-12-09,33.035812,NA,NA,NA,NA,NA,NA,NA,NA,NA,NA,NA,NA
"343",2018-12-10,33.301517,NA,NA,NA,NA,NA,NA,NA,NA,NA,NA,NA,NA
"344",2018-12-11,33.557377,NA,NA,NA,NA,NA,NA,NA,NA,NA,NA,NA,NA
"345",2018-12-12,33.803402,NA,NA,NA,NA,NA,NA,NA,NA,NA,NA,NA,NA
"346",2018-12-13,31.943476,NA,NA,NA,NA,NA,NA,NA,NA,NA,NA,NA,NA
"347",2018-12-14,31.89427,NA,NA,NA,NA,NA,NA,NA,NA,NA,NA,NA,NA
"348",2018-12-15,31.89427,NA,NA,NA,NA,NA,NA,NA,NA,NA,NA,NA,NA
"349",2018-12-16,31.89427,NA,NA,NA,NA,NA,NA,NA,NA,NA,NA,NA,NA
"350",2018-12-17,31.530161,NA,NA,NA,NA,NA,NA,NA,NA,NA,NA,NA,NA
"351",2018-12-18,33.00629,NA,NA,NA,NA,NA,NA,NA,NA,NA,NA,NA,NA
"352",2018-12-19,31.90411,NA,NA,NA,NA,NA,NA,NA,NA,NA,NA,NA,NA
"353",2018-12-20,31.382545,NA,NA,NA,NA,NA,NA,NA,NA,NA,NA,NA,NA
"354",2018-12-21,30.290211,NA,NA,NA,NA,NA,NA,NA,NA,NA,NA,NA,NA
"355",2018-12-22,30.290211,NA,NA,NA,NA,NA,NA,NA,NA,NA,NA,NA,NA
"356",2018-12-23,30.290211,NA,NA,NA,NA,NA,NA,NA,NA,NA,NA,NA,NA
"357",2018-12-24,29.247076,NA,NA,NA,NA,NA,NA,NA,NA,NA,NA,NA,NA
"358",2018-12-25,29.247076,NA,NA,NA,NA,NA,NA,NA,NA,NA,NA,NA,NA
"359",2018-12-26,31.77618,NA,NA,NA,NA,NA,NA,NA,NA,NA,NA,NA,NA
"360",2018-12-27,31.530161,NA,NA,NA,NA,NA,NA,NA,NA,NA,NA,NA,NA
"361",2018-12-28,31.323498,NA,NA,NA,NA,NA,NA,NA,NA,NA,NA,NA,NA
"362",2018-12-29,31.323498,NA,NA,NA,NA,NA,NA,NA,NA,NA,NA,NA,NA
"363",2018-12-30,31.323498,NA,NA,NA,NA,NA,NA,NA,NA,NA,NA,NA,NA
"364",2018-12-31,31.599045,NA,NA,NA,NA,NA,NA,NA,NA,NA,NA,NA,NA
"365",2019-01-01,31.599045,NA,NA,NA,NA,NA,NA,NA,NA,NA,NA,NA,NA
"366",2019-01-02,31.96316,NA,NA,NA,NA,NA,NA,NA,NA,NA,NA,NA,NA
"367",2019-01-03,29.581665,NA,NA,NA,NA,NA,NA,NA,NA,NA,NA,NA,NA
"368",2019-01-04,31.530161,NA,NA,NA,NA,NA,NA,NA,NA,NA,NA,NA,NA
"369",2019-01-05,31.530161,NA,NA,NA,NA,NA,NA,NA,NA,NA,NA,NA,NA
"370",2019-01-06,31.530161,NA,NA,NA,NA,NA,NA,NA,NA,NA,NA,NA,NA
"371",2019-01-07,32.425678,NA,NA,NA,NA,NA,NA,NA,NA,NA,NA,NA,NA
"372",2019-01-08,31.90411,NA,NA,NA,NA,NA,NA,NA,NA,NA,NA,NA,NA
"373",2019-01-09,32.888199,NA,NA,NA,NA,NA,NA,NA,NA,NA,NA,NA,NA
"374",2019-01-10,31.530161,NA,NA,NA,NA,NA,NA,NA,NA,NA,NA,NA,NA
"375",2019-01-11,31.29398,NA,NA,NA,NA,NA,NA,NA,NA,NA,NA,NA,NA
"376",2019-01-12,31.29398,NA,NA,NA,NA,NA,NA,NA,NA,NA,NA,NA,NA
"377",2019-01-13,31.29398,NA,NA,NA,NA,NA,NA,NA,NA,NA,NA,NA,NA
"378",2019-01-14,31.20541,NA,NA,NA,NA,NA,NA,NA,NA,NA,NA,NA,NA
"379",2019-01-15,31.589205,NA,NA,NA,NA,NA,NA,NA,NA,NA,NA,NA,NA
"380",2019-01-16,32.317429,NA,NA,NA,NA,NA,NA,NA,NA,NA,NA,NA,NA
"381",2019-01-17,33.045654,NA,NA,NA,NA,NA,NA,NA,NA,NA,NA,NA,NA
"382",2019-01-18,33.429451,NA,NA,NA,NA,NA,NA,NA,NA,NA,NA,NA,NA
"383",2019-01-19,33.429451,NA,NA,NA,NA,NA,NA,NA,NA,NA,NA,NA,NA
"384",2019-01-20,33.429451,NA,NA,NA,NA,NA,NA,NA,NA,NA,NA,NA,NA
"385",2019-01-21,33.429451,NA,NA,NA,NA,NA,NA,NA,NA,NA,NA,NA,NA
"386",2019-01-22,32.219025,NA,NA,NA,NA,NA,NA,NA,NA,NA,NA,NA,NA
"387",2019-01-23,31.146364,NA,NA,NA,NA,NA,NA,NA,NA,NA,NA,NA,NA
"388",2019-01-24,33.124386,NA,NA,NA,NA,NA,NA,NA,NA,NA,NA,NA,NA
"389",2019-01-25,34.423378,NA,NA,NA,NA,NA,NA,NA,NA,NA,NA,NA,NA
"390",2019-01-26,34.423378,NA,NA,NA,NA,NA,NA,NA,NA,NA,NA,NA,NA
"391",2019-01-27,34.423378,NA,NA,NA,NA,NA,NA,NA,NA,NA,NA,NA,NA
"392",2019-01-28,35.988075,NA,NA,NA,NA,NA,NA,NA,NA,NA,NA,NA,NA
"393",2019-01-29,35.712532,NA,NA,NA,NA,NA,NA,NA,NA,NA,NA,NA,NA
"394",2019-01-30,35.761734,NA,NA,NA,NA,NA,NA,NA,NA,NA,NA,NA,NA
"395",2019-01-31,35.200806,NA,NA,NA,NA,NA,NA,NA,NA,NA,NA,NA,NA
"396",2019-02-01,35.535397,NA,NA,NA,NA,NA,NA,NA,NA,NA,NA,NA,NA
"397",2019-02-02,35.535397,NA,NA,NA,NA,NA,NA,NA,NA,NA,NA,NA,NA
"398",2019-02-03,35.535397,NA,NA,NA,NA,NA,NA,NA,NA,NA,NA,NA,NA
"399",2019-02-04,36.194733,NA,NA,NA,NA,NA,NA,NA,NA,NA,NA,NA,NA
"400",2019-02-05,36.441425,NA,NA,NA,NA,NA,NA,NA,NA,NA,NA,NA,NA
"401",2019-02-06,36.27367,NA,NA,NA,NA,NA,NA,NA,NA,NA,NA,NA,NA
"402",2019-02-07,35.691479,NA,NA,NA,NA,NA,NA,NA,NA,NA,NA,NA,NA
"403",2019-02-08,35.523724,NA,NA,NA,NA,NA,NA,NA,NA,NA,NA,NA,NA
"404",2019-02-09,35.523724,NA,NA,NA,NA,NA,NA,NA,NA,NA,NA,NA,NA
"405",2019-02-10,35.523724,NA,NA,NA,NA,NA,NA,NA,NA,NA,NA,NA,NA
"406",2019-02-11,36.105923,NA,NA,NA,NA,NA,NA,NA,NA,NA,NA,NA,NA
"407",2019-02-12,35.277035,NA,NA,NA,NA,NA,NA,NA,NA,NA,NA,NA,NA
"408",2019-02-13,35.730949,NA,NA,NA,NA,NA,NA,NA,NA,NA,NA,NA,NA
"409",2019-02-14,35.632275,NA,NA,NA,NA,NA,NA,NA,NA,NA,NA,NA,NA
"410",2019-02-15,34.586296,NA,NA,NA,NA,NA,NA,NA,NA,NA,NA,NA,NA
"411",2019-02-16,34.586296,NA,NA,NA,NA,NA,NA,NA,NA,NA,NA,NA,NA
"412",2019-02-17,34.586296,NA,NA,NA,NA,NA,NA,NA,NA,NA,NA,NA,NA
"413",2019-02-18,34.586296,NA,NA,NA,NA,NA,NA,NA,NA,NA,NA,NA,NA
"414",2019-02-19,35.00074,NA,NA,NA,NA,NA,NA,NA,NA,NA,NA,NA,NA
"415",2019-02-20,34.596169,NA,NA,NA,NA,NA,NA,NA,NA,NA,NA,NA,NA
"416",2019-02-21,34.517223,NA,NA,NA,NA,NA,NA,NA,NA,NA,NA,NA,NA
"417",2019-02-22,35.020477,NA,NA,NA,NA,NA,NA,NA,NA,NA,NA,NA,NA
"418",2019-02-23,35.020477,NA,NA,NA,NA,NA,NA,NA,NA,NA,NA,NA,NA
"419",2019-02-24,35.020477,NA,NA,NA,NA,NA,NA,NA,NA,NA,NA,NA,NA
"420",2019-02-25,35.425056,NA,NA,NA,NA,NA,NA,NA,NA,NA,NA,NA,NA
"421",2019-02-26,35.77042,NA,NA,NA,NA,NA,NA,NA,NA,NA,NA,NA,NA
"422",2019-02-27,35.217827,NA,NA,NA,NA,NA,NA,NA,NA,NA,NA,NA,NA
"423",2019-02-28,35.158627,NA,NA,NA,NA,NA,NA,NA,NA,NA,NA,NA,NA
"424",2019-03-01,34.181717,NA,NA,NA,NA,NA,NA,NA,NA,NA,NA,NA,NA
"425",2019-03-02,34.181717,NA,NA,NA,NA,NA,NA,NA,NA,NA,NA,NA,NA
"426",2019-03-03,34.181717,NA,NA,NA,NA,NA,NA,NA,NA,NA,NA,NA,NA
"427",2019-03-04,33.273895,NA,NA,NA,NA,NA,NA,NA,NA,NA,NA,NA,NA
"428",2019-03-05,32.790375,NA,NA,NA,NA,NA,NA,NA,NA,NA,NA,NA,NA
"429",2019-03-06,32.326591,NA,NA,NA,NA,NA,NA,NA,NA,NA,NA,NA,NA
"430",2019-03-07,31.793739,NA,NA,NA,NA,NA,NA,NA,NA,NA,NA,NA,NA
"431",2019-03-08,31.487839,NA,NA,NA,NA,NA,NA,NA,NA,NA,NA,NA,NA
"432",2019-03-09,31.487839,NA,NA,NA,NA,NA,NA,NA,NA,NA,NA,NA,NA
"433",2019-03-10,31.487839,NA,NA,NA,NA,NA,NA,NA,NA,NA,NA,NA,NA
"434",2019-03-11,31.625986,NA,NA,NA,NA,NA,NA,NA,NA,NA,NA,NA,NA
"435",2019-03-12,30.510935,NA,NA,NA,NA,NA,NA,NA,NA,NA,NA,NA,NA
"436",2019-03-13,31.418764,NA,NA,NA,NA,NA,NA,NA,NA,NA,NA,NA,NA
"437",2019-03-14,31.704927,NA,NA,NA,NA,NA,NA,NA,NA,NA,NA,NA,NA
"438",2019-03-15,31.014191,NA,NA,NA,NA,NA,NA,NA,NA,NA,NA,NA,NA
"439",2019-03-16,31.014191,NA,NA,NA,NA,NA,NA,NA,NA,NA,NA,NA,NA
"440",2019-03-17,31.014191,NA,NA,NA,NA,NA,NA,NA,NA,NA,NA,NA,NA
"441",2019-03-18,30.964848,NA,NA,NA,NA,NA,NA,NA,NA,NA,NA,NA,NA
"442",2019-03-19,31.172075,NA,NA,NA,NA,NA,NA,NA,NA,NA,NA,NA,NA
"443",2019-03-20,30.550406,NA,NA,NA,NA,NA,NA,NA,NA,NA,NA,NA,NA
"444",2019-03-21,31.033924,NA,NA,NA,NA,NA,NA,NA,NA,NA,NA,NA,NA
"445",2019-03-22,30.165567,NA,NA,NA,NA,NA,NA,NA,NA,NA,NA,NA,NA
"446",2019-03-23,30.165567,NA,NA,NA,NA,NA,NA,NA,NA,NA,NA,NA,NA
"447",2019-03-24,30.165567,NA,NA,NA,NA,NA,NA,NA,NA,NA,NA,NA,NA
"448",2019-03-25,29.810328,NA,NA,NA,NA,NA,NA,NA,NA,NA,NA,NA,NA
"449",2019-03-26,29.810328,NA,NA,NA,NA,NA,NA,NA,NA,NA,NA,NA,NA
"450",2019-03-27,30.530672,NA,NA,NA,NA,NA,NA,NA,NA,NA,NA,NA,NA
"451",2019-03-28,30.491201,NA,NA,NA,NA,NA,NA,NA,NA,NA,NA,NA,NA
"452",2019-03-29,31.339823,NA,NA,NA,NA,NA,NA,NA,NA,NA,NA,NA,NA
"453",2019-03-30,31.339823,NA,NA,NA,NA,NA,NA,NA,NA,NA,NA,NA,NA
"454",2019-03-31,31.339823,NA,NA,NA,NA,NA,NA,NA,NA,NA,NA,NA,NA
"455",2019-04-01,31.922018,NA,NA,NA,NA,NA,NA,NA,NA,NA,NA,NA,NA
"456",2019-04-02,32.553551,NA,NA,NA,NA,NA,NA,NA,NA,NA,NA,NA,NA
"457",2019-04-03,33.264023,NA,NA,NA,NA,NA,NA,NA,NA,NA,NA,NA,NA
"458",2019-04-04,33.481117,NA,NA,NA,NA,NA,NA,NA,NA,NA,NA,NA,NA
"459",2019-04-05,33.609398,NA,NA,NA,NA,NA,NA,NA,NA,NA,NA,NA,NA
"460",2019-04-06,33.609398,NA,NA,NA,NA,NA,NA,NA,NA,NA,NA,NA,NA
"461",2019-04-07,33.609398,NA,NA,NA,NA,NA,NA,NA,NA,NA,NA,NA,NA
"462",2019-04-08,33.431778,NA,NA,NA,NA,NA,NA,NA,NA,NA,NA,NA,NA
"463",2019-04-09,32.86932,NA,NA,NA,NA,NA,NA,NA,NA,NA,NA,NA,NA
"464",2019-04-10,33.569927,NA,NA,NA,NA,NA,NA,NA,NA,NA,NA,NA,NA
"465",2019-04-11,34.349472,NA,NA,NA,NA,NA,NA,NA,NA,NA,NA,NA,NA
"466",2019-04-12,34.231064,NA,NA,NA,NA,NA,NA,NA,NA,NA,NA,NA,NA
"467",2019-04-13,34.231064,NA,NA,NA,NA,NA,NA,NA,NA,NA,NA,NA,NA
"468",2019-04-14,34.231064,NA,NA,NA,NA,NA,NA,NA,NA,NA,NA,NA,NA
"469",2019-04-15,33.303497,NA,NA,NA,NA,NA,NA,NA,NA,NA,NA,NA,NA
"470",2019-04-16,33.579788,NA,NA,NA,NA,NA,NA,NA,NA,NA,NA,NA,NA
"471",2019-04-17,33.925163,NA,NA,NA,NA,NA,NA,NA,NA,NA,NA,NA,NA
"472",2019-04-18,33.915291,NA,NA,NA,NA,NA,NA,NA,NA,NA,NA,NA,NA
"473",2019-04-19,33.915291,NA,NA,NA,NA,NA,NA,NA,NA,NA,NA,NA,NA
"474",2019-04-20,33.915291,NA,NA,NA,NA,NA,NA,NA,NA,NA,NA,NA,NA
"475",2019-04-21,33.915291,NA,NA,NA,NA,NA,NA,NA,NA,NA,NA,NA,NA
"476",2019-04-22,33.037071,NA,NA,NA,NA,NA,NA,NA,NA,NA,NA,NA,NA
"477",2019-04-23,33.520588,NA,NA,NA,NA,NA,NA,NA,NA,NA,NA,NA,NA
"478",2019-04-24,33.540325,NA,NA,NA,NA,NA,NA,NA,NA,NA,NA,NA,NA
"479",2019-04-25,32.967995,NA,NA,NA,NA,NA,NA,NA,NA,NA,NA,NA,NA
"480",2019-04-26,32.622623,NA,NA,NA,NA,NA,NA,NA,NA,NA,NA,NA,NA
"481",2019-04-27,32.622623,NA,NA,NA,NA,NA,NA,NA,NA,NA,NA,NA,NA
"482",2019-04-28,32.622623,NA,NA,NA,NA,NA,NA,NA,NA,NA,NA,NA,NA
"483",2019-04-29,33.323235,NA,NA,NA,NA,NA,NA,NA,NA,NA,NA,NA,NA
"484",2019-04-30,33.727802,NA,NA,NA,NA,NA,NA,NA,NA,NA,NA,NA,NA
"485",2019-05-01,33.461376,NA,NA,NA,NA,NA,NA,NA,NA,NA,NA,NA,NA
"486",2019-05-02,33.500854,NA,NA,NA,NA,NA,NA,NA,NA,NA,NA,NA,NA
"487",2019-05-03,34.329735,NA,NA,NA,NA,NA,NA,NA,NA,NA,NA,NA,NA
"488",2019-05-04,34.329735,NA,NA,NA,NA,NA,NA,NA,NA,NA,NA,NA,NA
"489",2019-05-05,34.329735,NA,NA,NA,NA,NA,NA,NA,NA,NA,NA,NA,NA
"490",2019-05-06,34.290264,NA,NA,NA,NA,NA,NA,NA,NA,NA,NA,NA,NA
"491",2019-05-07,33.557953,NA,NA,NA,NA,NA,NA,NA,NA,NA,NA,NA,NA
"492",2019-05-08,33.399609,NA,NA,NA,NA,NA,NA,NA,NA,NA,NA,NA,NA
"493",2019-05-09,33.597534,NA,NA,NA,NA,NA,NA,NA,NA,NA,NA,NA,NA
"494",2019-05-10,33.637119,NA,NA,NA,NA,NA,NA,NA,NA,NA,NA,NA,NA
"495",2019-05-11,33.637119,NA,NA,NA,NA,NA,NA,NA,NA,NA,NA,NA,NA
"496",2019-05-12,33.637119,NA,NA,NA,NA,NA,NA,NA,NA,NA,NA,NA,NA
"497",2019-05-13,31.806326,NA,NA,NA,NA,NA,NA,NA,NA,NA,NA,NA,NA
"498",2019-05-14,32.004253,NA,NA,NA,NA,NA,NA,NA,NA,NA,NA,NA,NA
"499",2019-05-15,31.826118,NA,NA,NA,NA,NA,NA,NA,NA,NA,NA,NA,NA
"500",2019-05-16,31.984455,NA,NA,NA,NA,NA,NA,NA,NA,NA,NA,NA,NA
"501",2019-05-17,31.410477,NA,NA,NA,NA,NA,NA,NA,NA,NA,NA,NA,NA
"502",2019-05-18,31.410477,NA,NA,NA,NA,NA,NA,NA,NA,NA,NA,NA,NA
"503",2019-05-19,31.410477,NA,NA,NA,NA,NA,NA,NA,NA,NA,NA,NA,NA
"504",2019-05-20,30.638575,NA,NA,NA,NA,NA,NA,NA,NA,NA,NA,NA,NA
"505",2019-05-21,30.975046,NA,NA,NA,NA,NA,NA,NA,NA,NA,NA,NA,NA
"506",2019-05-22,29.609373,NA,NA,NA,NA,NA,NA,NA,NA,NA,NA,NA,NA
"507",2019-05-23,29.193733,NA,NA,NA,NA,NA,NA,NA,NA,NA,NA,NA,NA
"508",2019-05-24,28.867161,NA,NA,NA,NA,NA,NA,NA,NA,NA,NA,NA,NA
"509",2019-05-25,28.867161,NA,NA,NA,NA,NA,NA,NA,NA,NA,NA,NA,NA
"510",2019-05-26,28.867161,NA,NA,NA,NA,NA,NA,NA,NA,NA,NA,NA,NA
"511",2019-05-27,28.867161,NA,NA,NA,NA,NA,NA,NA,NA,NA,NA,NA,NA
"512",2019-05-28,28.431726,NA,NA,NA,NA,NA,NA,NA,NA,NA,NA,NA,NA
"513",2019-05-29,28.115049,NA,NA,NA,NA,NA,NA,NA,NA,NA,NA,NA,NA
"514",2019-05-30,27.877542,NA,NA,NA,NA,NA,NA,NA,NA,NA,NA,NA,NA
"515",2019-05-31,26.947298,NA,NA,NA,NA,NA,NA,NA,NA,NA,NA,NA,NA
"516",2019-06-01,26.947298,NA,NA,NA,NA,NA,NA,NA,NA,NA,NA,NA,NA
"517",2019-06-02,26.947298,NA,NA,NA,NA,NA,NA,NA,NA,NA,NA,NA,NA
"518",2019-06-03,26.917612,NA,NA,NA,NA,NA,NA,NA,NA,NA,NA,NA,NA
"519",2019-06-04,28.817678,NA,NA,NA,NA,NA,NA,NA,NA,NA,NA,NA,NA
"520",2019-06-05,30.044806,NA,NA,NA,NA,NA,NA,NA,NA,NA,NA,NA,NA
"521",2019-06-06,30.064596,NA,NA,NA,NA,NA,NA,NA,NA,NA,NA,NA,NA
"522",2019-06-07,30.598989,NA,NA,NA,NA,NA,NA,NA,NA,NA,NA,NA,NA
"523",2019-06-08,30.598989,NA,NA,NA,NA,NA,NA,NA,NA,NA,NA,NA,NA
"524",2019-06-09,30.598989,NA,NA,NA,NA,NA,NA,NA,NA,NA,NA,NA,NA
"525",2019-06-10,30.440653,NA,NA,NA,NA,NA,NA,NA,NA,NA,NA,NA,NA
"526",2019-06-11,30.26252,NA,NA,NA,NA,NA,NA,NA,NA,NA,NA,NA,NA
"527",2019-06-12,30.777124,NA,NA,NA,NA,NA,NA,NA,NA,NA,NA,NA,NA
"528",2019-06-13,32.746464,NA,NA,NA,NA,NA,NA,NA,NA,NA,NA,NA,NA
"529",2019-06-14,32.340721,NA,NA,NA,NA,NA,NA,NA,NA,NA,NA,NA,NA
"530",2019-06-15,32.340721,NA,NA,NA,NA,NA,NA,NA,NA,NA,NA,NA,NA
"531",2019-06-16,32.340721,NA,NA,NA,NA,NA,NA,NA,NA,NA,NA,NA,NA
"532",2019-06-17,32.221966,NA,NA,NA,NA,NA,NA,NA,NA,NA,NA,NA,NA
"533",2019-06-18,32.182381,NA,NA,NA,NA,NA,NA,NA,NA,NA,NA,NA,NA
"534",2019-06-19,32.865219,NA,NA,NA,NA,NA,NA,NA,NA,NA,NA,NA,NA
"535",2019-06-20,31.816221,NA,NA,NA,NA,NA,NA,NA,NA,NA,NA,NA,NA
"536",2019-06-21,31.242243,NA,NA,NA,NA,NA,NA,NA,NA,NA,NA,NA,NA
"537",2019-06-22,31.242243,NA,NA,NA,NA,NA,NA,NA,NA,NA,NA,NA,NA
"538",2019-06-23,31.242243,NA,NA,NA,NA,NA,NA,NA,NA,NA,NA,NA,NA
"539",2019-06-24,31.489649,NA,NA,NA,NA,NA,NA,NA,NA,NA,NA,NA,NA
"540",2019-06-25,30.935461,NA,NA,NA,NA,NA,NA,NA,NA,NA,NA,NA,NA
"541",2019-06-26,31.133385,NA,NA,NA,NA,NA,NA,NA,NA,NA,NA,NA,NA
"542",2019-06-27,31.816221,NA,NA,NA,NA,NA,NA,NA,NA,NA,NA,NA,NA
"543",2019-06-28,32.271446,NA,NA,NA,NA,NA,NA,NA,NA,NA,NA,NA,NA
"544",2019-06-29,32.271446,NA,NA,NA,NA,NA,NA,NA,NA,NA,NA,NA,NA
"545",2019-06-30,32.271446,NA,NA,NA,NA,NA,NA,NA,NA,NA,NA,NA,NA
"546",2019-07-01,32.538643,NA,NA,NA,NA,NA,NA,NA,NA,NA,NA,NA,NA
"547",2019-07-02,31.855806,NA,NA,NA,NA,NA,NA,NA,NA,NA,NA,NA,NA
"548",2019-07-03,32.380306,NA,NA,NA,NA,NA,NA,NA,NA,NA,NA,NA,NA
"549",2019-07-04,32.380306,NA,NA,NA,NA,NA,NA,NA,NA,NA,NA,NA,NA
"550",2019-07-05,32.123005,NA,NA,NA,NA,NA,NA,NA,NA,NA,NA,NA,NA
"551",2019-07-06,32.123005,NA,NA,NA,NA,NA,NA,NA,NA,NA,NA,NA,NA
"552",2019-07-07,32.123005,NA,NA,NA,NA,NA,NA,NA,NA,NA,NA,NA,NA
"553",2019-07-08,32.449574,NA,NA,NA,NA,NA,NA,NA,NA,NA,NA,NA,NA
"554",2019-07-09,32.024044,NA,NA,NA,NA,NA,NA,NA,NA,NA,NA,NA,NA
"555",2019-07-10,32.598019,NA,NA,NA,NA,NA,NA,NA,NA,NA,NA,NA,NA
"556",2019-07-11,32.687084,NA,NA,NA,NA,NA,NA,NA,NA,NA,NA,NA,NA
"557",2019-07-12,33.429298,NA,NA,NA,NA,NA,NA,NA,NA,NA,NA,NA,NA
"558",2019-07-13,33.429298,NA,NA,NA,NA,NA,NA,NA,NA,NA,NA,NA,NA
"559",2019-07-14,33.429298,NA,NA,NA,NA,NA,NA,NA,NA,NA,NA,NA,NA
"560",2019-07-15,33.261063,NA,NA,NA,NA,NA,NA,NA,NA,NA,NA,NA,NA
"561",2019-07-16,33.864731,NA,NA,NA,NA,NA,NA,NA,NA,NA,NA,NA,NA
"562",2019-07-17,32.914696,NA,NA,NA,NA,NA,NA,NA,NA,NA,NA,NA,NA
"563",2019-07-18,33.389717,NA,NA,NA,NA,NA,NA,NA,NA,NA,NA,NA,NA
"564",2019-07-19,32.736568,NA,NA,NA,NA,NA,NA,NA,NA,NA,NA,NA,NA
"565",2019-07-20,32.736568,NA,NA,NA,NA,NA,NA,NA,NA,NA,NA,NA,NA
"566",2019-07-21,32.736568,NA,NA,NA,NA,NA,NA,NA,NA,NA,NA,NA,NA
"567",2019-07-22,32.558437,NA,NA,NA,NA,NA,NA,NA,NA,NA,NA,NA,NA
"568",2019-07-23,33.379818,NA,NA,NA,NA,NA,NA,NA,NA,NA,NA,NA,NA
"569",2019-07-24,34.230892,NA,NA,NA,NA,NA,NA,NA,NA,NA,NA,NA,NA
"570",2019-07-25,31.341204,NA,NA,NA,NA,NA,NA,NA,NA,NA,NA,NA,NA
"571",2019-07-26,30.915668,NA,NA,NA,NA,NA,NA,NA,NA,NA,NA,NA,NA
"572",2019-07-27,30.915668,NA,NA,NA,NA,NA,NA,NA,NA,NA,NA,NA,NA
"573",2019-07-28,30.915668,NA,NA,NA,NA,NA,NA,NA,NA,NA,NA,NA,NA
"574",2019-07-29,30.420858,NA,NA,NA,NA,NA,NA,NA,NA,NA,NA,NA,NA
"575",2019-07-30,30.391171,NA,NA,NA,NA,NA,NA,NA,NA,NA,NA,NA,NA
"576",2019-07-31,30.193247,NA,NA,NA,NA,NA,NA,NA,NA,NA,NA,NA,NA
"577",2019-08-01,29.530205,NA,NA,NA,NA,NA,NA,NA,NA,NA,NA,NA,NA
"578",2019-08-02,29.144255,NA,NA,NA,NA,NA,NA,NA,NA,NA,NA,NA,NA
"579",2019-08-03,29.144255,NA,NA,NA,NA,NA,NA,NA,NA,NA,NA,NA,NA
"580",2019-08-04,29.144255,NA,NA,NA,NA,NA,NA,NA,NA,NA,NA,NA,NA
"581",2019-08-05,28.233805,NA,NA,NA,NA,NA,NA,NA,NA,NA,NA,NA,NA
"582",2019-08-06,28.164288,NA,NA,NA,NA,NA,NA,NA,NA,NA,NA,NA,NA
"583",2019-08-07,28.432425,NA,NA,NA,NA,NA,NA,NA,NA,NA,NA,NA,NA
"584",2019-08-08,28.879318,NA,NA,NA,NA,NA,NA,NA,NA,NA,NA,NA,NA
"585",2019-08-09,28.58139,NA,NA,NA,NA,NA,NA,NA,NA,NA,NA,NA,NA
"586",2019-08-10,28.58139,NA,NA,NA,NA,NA,NA,NA,NA,NA,NA,NA,NA
"587",2019-08-11,28.58139,NA,NA,NA,NA,NA,NA,NA,NA,NA,NA,NA,NA
"588",2019-08-12,27.449257,NA,NA,NA,NA,NA,NA,NA,NA,NA,NA,NA,NA
"589",2019-08-13,27.320154,NA,NA,NA,NA,NA,NA,NA,NA,NA,NA,NA,NA
"590",2019-08-14,25.919884,NA,NA,NA,NA,NA,NA,NA,NA,NA,NA,NA,NA
"591",2019-08-15,25.234646,NA,NA,NA,NA,NA,NA,NA,NA,NA,NA,NA,NA
"592",2019-08-16,25.612024,NA,NA,NA,NA,NA,NA,NA,NA,NA,NA,NA,NA
"593",2019-08-17,25.612024,NA,NA,NA,NA,NA,NA,NA,NA,NA,NA,NA,NA
"594",2019-08-18,25.612024,NA,NA,NA,NA,NA,NA,NA,NA,NA,NA,NA,NA
"595",2019-08-19,25.919884,NA,NA,NA,NA,NA,NA,NA,NA,NA,NA,NA,NA
"596",2019-08-20,25.651749,NA,NA,NA,NA,NA,NA,NA,NA,NA,NA,NA,NA
"597",2019-08-21,26.237675,NA,NA,NA,NA,NA,NA,NA,NA,NA,NA,NA,NA
"598",2019-08-22,26.346918,NA,NA,NA,NA,NA,NA,NA,NA,NA,NA,NA,NA
"599",2019-08-23,25.244576,NA,NA,NA,NA,NA,NA,NA,NA,NA,NA,NA,NA
"600",2019-08-24,25.244576,NA,NA,NA,NA,NA,NA,NA,NA,NA,NA,NA,NA
"601",2019-08-25,25.244576,NA,NA,NA,NA,NA,NA,NA,NA,NA,NA,NA,NA
"602",2019-08-26,25.016165,NA,NA,NA,NA,NA,NA,NA,NA,NA,NA,NA,NA
"603",2019-08-27,24.281271,NA,NA,NA,NA,NA,NA,NA,NA,NA,NA,NA,NA
"604",2019-08-28,25.155199,NA,NA,NA,NA,NA,NA,NA,NA,NA,NA,NA,NA
"605",2019-08-29,26.138367,NA,NA,NA,NA,NA,NA,NA,NA,NA,NA,NA,NA
"606",2019-08-30,26.128435,NA,NA,NA,NA,NA,NA,NA,NA,NA,NA,NA,NA
"607",2019-08-31,26.128435,NA,NA,NA,NA,NA,NA,NA,NA,NA,NA,NA,NA
"608",2019-09-01,26.128435,NA,NA,NA,NA,NA,NA,NA,NA,NA,NA,NA,NA
"609",2019-09-02,26.128435,NA,NA,NA,NA,NA,NA,NA,NA,NA,NA,NA,NA
"610",2019-09-03,26.327055,NA,NA,NA,NA,NA,NA,NA,NA,NA,NA,NA,NA
"611",2019-09-04,26.813673,NA,NA,NA,NA,NA,NA,NA,NA,NA,NA,NA,NA
"612",2019-09-05,27.498913,NA,NA,NA,NA,NA,NA,NA,NA,NA,NA,NA,NA
"613",2019-09-06,27.598223,NA,NA,NA,NA,NA,NA,NA,NA,NA,NA,NA,NA
"614",2019-09-07,27.598223,NA,NA,NA,NA,NA,NA,NA,NA,NA,NA,NA,NA
"615",2019-09-08,27.598223,NA,NA,NA,NA,NA,NA,NA,NA,NA,NA,NA,NA
"616",2019-09-09,28.243738,NA,NA,NA,NA,NA,NA,NA,NA,NA,NA,NA,NA
"617",2019-09-10,28.919044,NA,NA,NA,NA,NA,NA,NA,NA,NA,NA,NA,NA
"618",2019-09-11,29.554626,NA,NA,NA,NA,NA,NA,NA,NA,NA,NA,NA,NA
"619",2019-09-12,29.733385,NA,NA,NA,NA,NA,NA,NA,NA,NA,NA,NA,NA
"620",2019-09-13,29.743317,NA,NA,NA,NA,NA,NA,NA,NA,NA,NA,NA,NA
"621",2019-09-14,29.743317,NA,NA,NA,NA,NA,NA,NA,NA,NA,NA,NA,NA
"622",2019-09-15,29.743317,NA,NA,NA,NA,NA,NA,NA,NA,NA,NA,NA,NA
"623",2019-09-16,27.57836,NA,NA,NA,NA,NA,NA,NA,NA,NA,NA,NA,NA
"624",2019-09-17,28.442356,NA,NA,NA,NA,NA,NA,NA,NA,NA,NA,NA,NA
"625",2019-09-18,28.402632,NA,NA,NA,NA,NA,NA,NA,NA,NA,NA,NA,NA
"626",2019-09-19,28.104702,NA,NA,NA,NA,NA,NA,NA,NA,NA,NA,NA,NA
"627",2019-09-20,27.796841,NA,NA,NA,NA,NA,NA,NA,NA,NA,NA,NA,NA
"628",2019-09-21,27.796841,NA,NA,NA,NA,NA,NA,NA,NA,NA,NA,NA,NA
"629",2019-09-22,27.796841,NA,NA,NA,NA,NA,NA,NA,NA,NA,NA,NA,NA
"630",2019-09-23,27.310223,NA,NA,NA,NA,NA,NA,NA,NA,NA,NA,NA,NA
"631",2019-09-24,26.813673,NA,NA,NA,NA,NA,NA,NA,NA,NA,NA,NA,NA
"632",2019-09-25,27.250637,NA,NA,NA,NA,NA,NA,NA,NA,NA,NA,NA,NA
"633",2019-09-26,27.002363,NA,NA,NA,NA,NA,NA,NA,NA,NA,NA,NA,NA
"634",2019-09-27,26.823605,NA,NA,NA,NA,NA,NA,NA,NA,NA,NA,NA,NA
"635",2019-09-28,26.823605,NA,NA,NA,NA,NA,NA,NA,NA,NA,NA,NA,NA
"636",2019-09-29,26.823605,NA,NA,NA,NA,NA,NA,NA,NA,NA,NA,NA,NA
"637",2019-09-30,26.78388,NA,NA,NA,NA,NA,NA,NA,NA,NA,NA,NA,NA
"638",2019-10-01,26.615053,NA,NA,NA,NA,NA,NA,NA,NA,NA,NA,NA,NA
"639",2019-10-02,25.194923,NA,NA,NA,NA,NA,NA,NA,NA,NA,NA,NA,NA
"640",2019-10-03,25.095612,NA,NA,NA,NA,NA,NA,NA,NA,NA,NA,NA,NA
"641",2019-10-04,25.651749,NA,NA,NA,NA,NA,NA,NA,NA,NA,NA,NA,NA
"642",2019-10-05,25.651749,NA,NA,NA,NA,NA,NA,NA,NA,NA,NA,NA,NA
"643",2019-10-06,25.651749,NA,NA,NA,NA,NA,NA,NA,NA,NA,NA,NA,NA
"644",2019-10-07,25.651749,NA,NA,NA,NA,NA,NA,NA,NA,NA,NA,NA,NA
"645",2019-10-08,26.078779,NA,NA,NA,NA,NA,NA,NA,NA,NA,NA,NA,NA
"646",2019-10-09,26.88319,NA,NA,NA,NA,NA,NA,NA,NA,NA,NA,NA,NA
"647",2019-10-10,26.992432,NA,NA,NA,NA,NA,NA,NA,NA,NA,NA,NA,NA
"648",2019-10-11,27.17119,NA,NA,NA,NA,NA,NA,NA,NA,NA,NA,NA,NA
"649",2019-10-12,27.17119,NA,NA,NA,NA,NA,NA,NA,NA,NA,NA,NA,NA
"650",2019-10-13,27.17119,NA,NA,NA,NA,NA,NA,NA,NA,NA,NA,NA,NA
"651",2019-10-14,27.429396,NA,NA,NA,NA,NA,NA,NA,NA,NA,NA,NA,NA
"652",2019-10-15,28.074911,NA,NA,NA,NA,NA,NA,NA,NA,NA,NA,NA,NA
"653",2019-10-16,27.856426,NA,NA,NA,NA,NA,NA,NA,NA,NA,NA,NA,NA
"654",2019-10-17,27.737255,NA,NA,NA,NA,NA,NA,NA,NA,NA,NA,NA,NA
"655",2019-10-18,28.025253,NA,NA,NA,NA,NA,NA,NA,NA,NA,NA,NA,NA
"656",2019-10-19,28.025253,NA,NA,NA,NA,NA,NA,NA,NA,NA,NA,NA,NA
"657",2019-10-20,28.025253,NA,NA,NA,NA,NA,NA,NA,NA,NA,NA,NA,NA
"658",2019-10-21,28.422495,NA,NA,NA,NA,NA,NA,NA,NA,NA,NA,NA,NA
"659",2019-10-22,28.064978,NA,NA,NA,NA,NA,NA,NA,NA,NA,NA,NA,NA
"660",2019-10-23,28.094772,NA,NA,NA,NA,NA,NA,NA,NA,NA,NA,NA,NA
"661",2019-10-24,29.207041,NA,NA,NA,NA,NA,NA,NA,NA,NA,NA,NA,NA
"662",2019-10-25,30.647036,NA,NA,NA,NA,NA,NA,NA,NA,NA,NA,NA,NA
"663",2019-10-26,30.647036,NA,NA,NA,NA,NA,NA,NA,NA,NA,NA,NA,NA
"664",2019-10-27,30.647036,NA,NA,NA,NA,NA,NA,NA,NA,NA,NA,NA,NA
"665",2019-10-28,31.143585,NA,NA,NA,NA,NA,NA,NA,NA,NA,NA,NA,NA
"666",2019-10-29,30.706621,NA,NA,NA,NA,NA,NA,NA,NA,NA,NA,NA,NA
"667",2019-10-30,30.080971,NA,NA,NA,NA,NA,NA,NA,NA,NA,NA,NA,NA
"668",2019-10-31,29.852554,NA,NA,NA,NA,NA,NA,NA,NA,NA,NA,NA,NA
"669",2019-11-01,30.349104,NA,NA,NA,NA,NA,NA,NA,NA,NA,NA,NA,NA
"670",2019-11-02,30.349104,NA,NA,NA,NA,NA,NA,NA,NA,NA,NA,NA,NA
"671",2019-11-03,30.349104,NA,NA,NA,NA,NA,NA,NA,NA,NA,NA,NA,NA
"672",2019-11-04,30.736416,NA,NA,NA,NA,NA,NA,NA,NA,NA,NA,NA,NA
"673",2019-11-05,31.065199,NA,NA,NA,NA,NA,NA,NA,NA,NA,NA,NA,NA
"674",2019-11-06,30.846008,NA,NA,NA,NA,NA,NA,NA,NA,NA,NA,NA,NA
"675",2019-11-07,30.776266,NA,NA,NA,NA,NA,NA,NA,NA,NA,NA,NA,NA
"676",2019-11-08,30.646746,NA,NA,NA,NA,NA,NA,NA,NA,NA,NA,NA,NA
"677",2019-11-09,30.646746,NA,NA,NA,NA,NA,NA,NA,NA,NA,NA,NA,NA
"678",2019-11-10,30.646746,NA,NA,NA,NA,NA,NA,NA,NA,NA,NA,NA,NA
"679",2019-11-11,30.477371,NA,NA,NA,NA,NA,NA,NA,NA,NA,NA,NA,NA
"680",2019-11-12,29.41131,NA,NA,NA,NA,NA,NA,NA,NA,NA,NA,NA,NA
"681",2019-11-13,28.554476,NA,NA,NA,NA,NA,NA,NA,NA,NA,NA,NA,NA
"682",2019-11-14,28.664072,NA,NA,NA,NA,NA,NA,NA,NA,NA,NA,NA,NA
"683",2019-11-15,28.75374,NA,NA,NA,NA,NA,NA,NA,NA,NA,NA,NA,NA
"684",2019-11-16,28.75374,NA,NA,NA,NA,NA,NA,NA,NA,NA,NA,NA,NA
"685",2019-11-17,28.75374,NA,NA,NA,NA,NA,NA,NA,NA,NA,NA,NA,NA
"686",2019-11-18,28.494698,NA,NA,NA,NA,NA,NA,NA,NA,NA,NA,NA,NA
"687",2019-11-19,29.182158,NA,NA,NA,NA,NA,NA,NA,NA,NA,NA,NA,NA
"688",2019-11-20,28.12606,NA,NA,NA,NA,NA,NA,NA,NA,NA,NA,NA,NA
"689",2019-11-21,27.827166,NA,NA,NA,NA,NA,NA,NA,NA,NA,NA,NA,NA
"690",2019-11-22,28.574404,NA,NA,NA,NA,NA,NA,NA,NA,NA,NA,NA,NA
"691",2019-11-23,28.574404,NA,NA,NA,NA,NA,NA,NA,NA,NA,NA,NA,NA
"692",2019-11-24,28.574404,NA,NA,NA,NA,NA,NA,NA,NA,NA,NA,NA,NA
"693",2019-11-25,28.883261,NA,NA,NA,NA,NA,NA,NA,NA,NA,NA,NA,NA
"694",2019-11-26,28.943041,NA,NA,NA,NA,NA,NA,NA,NA,NA,NA,NA,NA
"695",2019-11-27,28.84341,NA,NA,NA,NA,NA,NA,NA,NA,NA,NA,NA,NA
"696",2019-11-28,28.84341,NA,NA,NA,NA,NA,NA,NA,NA,NA,NA,NA,NA
"697",2019-11-29,28.634182,NA,NA,NA,NA,NA,NA,NA,NA,NA,NA,NA,NA
"698",2019-11-30,28.634182,NA,NA,NA,NA,NA,NA,NA,NA,NA,NA,NA,NA
"699",2019-12-01,28.634182,NA,NA,NA,NA,NA,NA,NA,NA,NA,NA,NA,NA
"700",2019-12-02,27.976612,NA,NA,NA,NA,NA,NA,NA,NA,NA,NA,NA,NA
"701",2019-12-03,27.189522,NA,NA,NA,NA,NA,NA,NA,NA,NA,NA,NA,NA
"702",2019-12-04,27.279188,NA,NA,NA,NA,NA,NA,NA,NA,NA,NA,NA,NA
"703",2019-12-05,27.139706,NA,NA,NA,NA,NA,NA,NA,NA,NA,NA,NA,NA
"704",2019-12-06,27.627901,NA,NA,NA,NA,NA,NA,NA,NA,NA,NA,NA,NA
"705",2019-12-07,27.627901,NA,NA,NA,NA,NA,NA,NA,NA,NA,NA,NA,NA
"706",2019-12-08,27.627901,NA,NA,NA,NA,NA,NA,NA,NA,NA,NA,NA,NA
"707",2019-12-09,27.388784,NA,NA,NA,NA,NA,NA,NA,NA,NA,NA,NA,NA
"708",2019-12-10,26.900589,NA,NA,NA,NA,NA,NA,NA,NA,NA,NA,NA,NA
"709",2019-12-11,26.761105,NA,NA,NA,NA,NA,NA,NA,NA,NA,NA,NA,NA
"710",2019-12-12,27.617937,NA,NA,NA,NA,NA,NA,NA,NA,NA,NA,NA,NA
"711",2019-12-13,27.37882,NA,NA,NA,NA,NA,NA,NA,NA,NA,NA,NA,NA
"712",2019-12-14,27.37882,NA,NA,NA,NA,NA,NA,NA,NA,NA,NA,NA,NA
"713",2019-12-15,27.37882,NA,NA,NA,NA,NA,NA,NA,NA,NA,NA,NA,NA
"714",2019-12-16,27.817202,NA,NA,NA,NA,NA,NA,NA,NA,NA,NA,NA,NA
"715",2019-12-17,28.175877,NA,NA,NA,NA,NA,NA,NA,NA,NA,NA,NA,NA
"716",2019-12-18,27.896908,NA,NA,NA,NA,NA,NA,NA,NA,NA,NA,NA,NA
"717",2019-12-19,28.444881,NA,NA,NA,NA,NA,NA,NA,NA,NA,NA,NA,NA
"718",2019-12-20,28.933079,NA,NA,NA,NA,NA,NA,NA,NA,NA,NA,NA,NA
"719",2019-12-21,28.933079,NA,NA,NA,NA,NA,NA,NA,NA,NA,NA,NA,NA
"720",2019-12-22,28.933079,NA,NA,NA,NA,NA,NA,NA,NA,NA,NA,NA,NA
"721",2019-12-23,29.19212,NA,NA,NA,NA,NA,NA,NA,NA,NA,NA,NA,NA
"722",2019-12-24,29.072563,NA,NA,NA,NA,NA,NA,NA,NA,NA,NA,NA,NA
"723",2019-12-25,29.072563,NA,NA,NA,NA,NA,NA,NA,NA,NA,NA,NA,NA
"724",2019-12-26,29.560759,NA,NA,NA,NA,NA,NA,NA,NA,NA,NA,NA,NA
"725",2019-12-27,28.335287,NA,NA,NA,NA,NA,NA,NA,NA,NA,NA,NA,NA
"726",2019-12-28,28.335287,NA,NA,NA,NA,NA,NA,NA,NA,NA,NA,NA,NA
"727",2019-12-29,28.335287,NA,NA,NA,NA,NA,NA,NA,NA,NA,NA,NA,NA
"728",2019-12-30,28.195801,NA,NA,NA,NA,NA,NA,NA,NA,NA,NA,NA,NA
"729",2019-12-31,28.574404,NA,NA,NA,NA,NA,NA,NA,NA,NA,NA,NA,NA
"730",2020-01-01,28.574404,NA,NA,NA,NA,NA,NA,NA,NA,NA,NA,NA,NA
"731",2020-01-02,28.982893,NA,NA,NA,NA,NA,NA,NA,NA,NA,NA,NA,NA
"732",2020-01-03,27.548195,NA,NA,NA,NA,NA,NA,NA,NA,NA,NA,NA,NA
"733",2020-01-04,27.548195,NA,NA,NA,NA,NA,NA,NA,NA,NA,NA,NA,NA
"734",2020-01-05,27.548195,NA,NA,NA,NA,NA,NA,NA,NA,NA,NA,NA,NA
"735",2020-01-06,27.21941,NA,NA,NA,NA,NA,NA,NA,NA,NA,NA,NA,NA
"736",2020-01-07,27.119778,NA,NA,NA,NA,NA,NA,NA,NA,NA,NA,NA,NA
"737",2020-01-08,27.737495,NA,NA,NA,NA,NA,NA,NA,NA,NA,NA,NA,NA
"738",2020-01-09,27.847092,NA,NA,NA,NA,NA,NA,NA,NA,NA,NA,NA,NA
"739",2020-01-10,27.21941,NA,NA,NA,NA,NA,NA,NA,NA,NA,NA,NA,NA
"740",2020-01-11,27.21941,NA,NA,NA,NA,NA,NA,NA,NA,NA,NA,NA,NA
"741",2020-01-12,27.21941,NA,NA,NA,NA,NA,NA,NA,NA,NA,NA,NA,NA
"742",2020-01-13,27.289152,NA,NA,NA,NA,NA,NA,NA,NA,NA,NA,NA,NA
"743",2020-01-14,27.428638,NA,NA,NA,NA,NA,NA,NA,NA,NA,NA,NA,NA
"744",2020-01-15,27.478453,NA,NA,NA,NA,NA,NA,NA,NA,NA,NA,NA,NA
"745",2020-01-16,28.12606,NA,NA,NA,NA,NA,NA,NA,NA,NA,NA,NA,NA
"746",2020-01-17,28.295433,NA,NA,NA,NA,NA,NA,NA,NA,NA,NA,NA,NA
"747",2020-01-18,28.295433,NA,NA,NA,NA,NA,NA,NA,NA,NA,NA,NA,NA
"748",2020-01-19,28.295433,NA,NA,NA,NA,NA,NA,NA,NA,NA,NA,NA,NA
"749",2020-01-20,28.295433,NA,NA,NA,NA,NA,NA,NA,NA,NA,NA,NA,NA
"750",2020-01-21,27.099854,NA,NA,NA,NA,NA,NA,NA,NA,NA,NA,NA,NA
"751",2020-01-22,27.21941,NA,NA,NA,NA,NA,NA,NA,NA,NA,NA,NA,NA
"752",2020-01-23,28.69396,NA,NA,NA,NA,NA,NA,NA,NA,NA,NA,NA,NA
"753",2020-01-24,27.538231,NA,NA,NA,NA,NA,NA,NA,NA,NA,NA,NA,NA
"754",2020-01-25,27.538231,NA,NA,NA,NA,NA,NA,NA,NA,NA,NA,NA,NA
"755",2020-01-26,27.538231,NA,NA,NA,NA,NA,NA,NA,NA,NA,NA,NA,NA
"756",2020-01-27,26.013866,NA,NA,NA,NA,NA,NA,NA,NA,NA,NA,NA,NA
"757",2020-01-28,26.800957,NA,NA,NA,NA,NA,NA,NA,NA,NA,NA,NA,NA
"758",2020-01-29,26.701324,NA,NA,NA,NA,NA,NA,NA,NA,NA,NA,NA,NA
"759",2020-01-30,27.617937,NA,NA,NA,NA,NA,NA,NA,NA,NA,NA,NA,NA
"760",2020-01-31,26.741179,NA,NA,NA,NA,NA,NA,NA,NA,NA,NA,NA,NA
"761",2020-02-01,26.741179,NA,NA,NA,NA,NA,NA,NA,NA,NA,NA,NA,NA
"762",2020-02-02,26.741179,NA,NA,NA,NA,NA,NA,NA,NA,NA,NA,NA,NA
"763",2020-02-03,27.059999,NA,NA,NA,NA,NA,NA,NA,NA,NA,NA,NA,NA
"764",2020-02-04,28.43,NA,NA,NA,NA,NA,NA,NA,NA,NA,NA,NA,NA
"765",2020-02-05,29.1,NA,NA,NA,NA,NA,NA,NA,NA,NA,NA,NA,NA
"766",2020-02-06,28.299999,NA,NA,NA,NA,NA,NA,NA,NA,NA,NA,NA,NA
"767",2020-02-07,28.379999,NA,NA,NA,NA,NA,NA,NA,NA,NA,NA,NA,NA
"768",2020-02-08,28.379999,NA,NA,NA,NA,NA,NA,NA,NA,NA,NA,NA,NA
"769",2020-02-09,28.379999,NA,NA,NA,NA,NA,NA,NA,NA,NA,NA,NA,NA
"770",2020-02-10,28.790001,NA,NA,NA,NA,NA,NA,NA,NA,NA,NA,NA,NA
"771",2020-02-11,29.84,NA,NA,NA,NA,NA,NA,NA,NA,NA,NA,NA,NA
"772",2020-02-12,30.469999,NA,NA,NA,NA,NA,NA,NA,NA,NA,NA,NA,NA
"773",2020-02-13,30.09,NA,NA,NA,NA,NA,NA,NA,NA,NA,NA,NA,NA
"774",2020-02-14,29.200001,NA,NA,NA,NA,NA,NA,NA,NA,NA,NA,NA,NA
"775",2020-02-15,29.200001,NA,NA,NA,NA,NA,NA,NA,NA,NA,NA,NA,NA
"776",2020-02-16,29.200001,NA,NA,NA,NA,NA,NA,NA,NA,NA,NA,NA,NA
"777",2020-02-17,29.200001,NA,NA,NA,NA,NA,NA,NA,NA,NA,NA,NA,NA
"778",2020-02-18,28.629999,NA,NA,NA,NA,NA,NA,NA,NA,NA,NA,NA,NA
"779",2020-02-19,28.33,NA,NA,NA,NA,NA,NA,NA,NA,NA,NA,NA,NA
"780",2020-02-20,28.51,NA,NA,NA,NA,NA,NA,NA,NA,NA,NA,NA,NA
"781",2020-02-21,27.82,NA,NA,NA,NA,NA,NA,NA,NA,NA,NA,NA,NA
"782",2020-02-22,27.82,NA,NA,NA,NA,NA,NA,NA,NA,NA,NA,NA,NA
"783",2020-02-23,27.82,NA,NA,NA,NA,NA,NA,NA,NA,NA,NA,NA,NA
"784",2020-02-24,25.450001,NA,NA,NA,NA,NA,NA,NA,NA,NA,NA,NA,NA
"785",2020-02-25,23.120001,NA,NA,NA,NA,NA,NA,NA,NA,NA,NA,NA,NA
"786",2020-02-26,22.309999,NA,NA,NA,NA,NA,NA,NA,NA,NA,NA,NA,NA
"787",2020-02-27,20.6,NA,NA,NA,NA,NA,NA,NA,NA,NA,NA,NA,NA
"788",2020-02-28,19.049999,NA,NA,NA,NA,NA,NA,NA,NA,NA,NA,NA,NA
"789",2020-02-29,19.049999,NA,NA,NA,NA,NA,NA,NA,NA,NA,NA,NA,NA
"790",2020-03-01,19.049999,NA,NA,NA,NA,NA,NA,NA,NA,NA,NA,NA,NA
"791",2020-03-02,18.860001,NA,NA,NA,NA,NA,NA,NA,NA,NA,NA,NA,NA
"792",2020-03-03,17.85,NA,NA,NA,NA,NA,NA,NA,NA,NA,NA,NA,NA
"793",2020-03-04,18.530001,NA,NA,NA,NA,NA,NA,NA,NA,NA,NA,NA,NA
"794",2020-03-05,16.040001,NA,NA,NA,NA,NA,NA,NA,NA,NA,NA,NA,NA
"795",2020-03-06,15.97,NA,NA,NA,NA,NA,NA,NA,NA,NA,NA,NA,NA
"796",2020-03-07,15.97,NA,NA,NA,NA,NA,NA,NA,NA,NA,NA,NA,NA
"797",2020-03-08,15.97,NA,NA,NA,NA,NA,NA,NA,NA,NA,NA,NA,NA
"798",2020-03-09,14.75,NA,NA,NA,NA,NA,NA,NA,NA,NA,NA,NA,NA
"799",2020-03-10,17,NA,NA,NA,NA,NA,NA,NA,NA,NA,NA,NA,NA
"800",2020-03-11,16.26,NA,NA,NA,NA,NA,NA,NA,NA,NA,NA,NA,NA
"801",2020-03-12,13.45,NA,NA,NA,NA,NA,NA,NA,NA,NA,NA,NA,NA
"802",2020-03-13,14.31,NA,NA,NA,NA,NA,NA,NA,NA,NA,NA,NA,NA
"803",2020-03-14,14.31,NA,NA,NA,NA,NA,NA,NA,NA,NA,NA,NA,NA
"804",2020-03-15,14.31,NA,NA,NA,NA,NA,NA,NA,NA,NA,NA,NA,NA
"805",2020-03-16,15.92,NA,NA,NA,NA,NA,NA,NA,NA,NA,NA,NA,NA
"806",2020-03-17,15.58,NA,NA,NA,NA,NA,NA,NA,NA,NA,NA,NA,NA
"807",2020-03-18,11.65,NA,NA,NA,NA,NA,NA,NA,NA,NA,NA,NA,NA
"808",2020-03-19,10.29,NA,NA,NA,NA,NA,NA,NA,NA,NA,NA,NA,NA
"809",2020-03-20,10.38,NA,NA,NA,NA,NA,NA,NA,NA,NA,NA,NA,NA
"810",2020-03-21,10.38,NA,NA,NA,NA,NA,NA,NA,NA,NA,NA,NA,NA
"811",2020-03-22,10.38,NA,NA,NA,NA,NA,NA,NA,NA,NA,NA,NA,NA
"812",2020-03-23,10.25,NA,NA,NA,NA,NA,NA,NA,NA,NA,NA,NA,NA
"813",2020-03-24,13.92,NA,NA,NA,NA,NA,NA,NA,NA,NA,NA,NA,NA
"814",2020-03-25,15.39,NA,NA,NA,NA,NA,NA,NA,NA,NA,NA,NA,NA
"815",2020-03-26,15.66,NA,NA,NA,NA,NA,NA,NA,NA,NA,NA,NA,NA
"816",2020-03-27,14.04,NA,NA,NA,NA,NA,NA,NA,NA,NA,NA,NA,NA
"817",2020-03-28,14.04,NA,NA,NA,NA,NA,NA,NA,NA,NA,NA,NA,NA
"818",2020-03-29,14.04,NA,NA,NA,NA,NA,NA,NA,NA,NA,NA,NA,NA
"819",2020-03-30,12.25,NA,NA,NA,NA,NA,NA,NA,NA,NA,NA,NA,NA
"820",2020-03-31,12.19,NA,NA,NA,NA,NA,NA,NA,NA,NA,NA,NA,NA
"821",2020-04-01,10.69,NA,NA,NA,NA,NA,NA,NA,NA,NA,NA,NA,NA
"822",2020-04-02,10.06,NA,NA,NA,NA,NA,NA,NA,NA,NA,NA,NA,NA
"823",2020-04-03,9.39,NA,NA,NA,NA,NA,NA,NA,NA,NA,NA,NA,NA
"824",2020-04-04,9.39,NA,NA,NA,NA,NA,NA,NA,NA,NA,NA,NA,NA
"825",2020-04-05,9.39,NA,NA,NA,NA,NA,NA,NA,NA,NA,NA,NA,NA
"826",2020-04-06,9.5,NA,NA,NA,NA,NA,NA,NA,NA,NA,NA,NA,NA
"827",2020-04-07,10.22,NA,NA,NA,NA,NA,NA,NA,NA,NA,NA,NA,NA
"828",2020-04-08,11.33,NA,NA,NA,NA,NA,NA,NA,NA,NA,NA,NA,NA
"829",2020-04-09,12.51,NA,NA,NA,NA,NA,NA,NA,NA,NA,NA,NA,NA
"830",2020-04-10,12.51,NA,NA,NA,NA,NA,NA,NA,NA,NA,NA,NA,NA
"831",2020-04-11,12.51,NA,NA,NA,NA,NA,NA,NA,NA,NA,NA,NA,NA
"832",2020-04-12,12.51,NA,NA,NA,NA,NA,NA,NA,NA,NA,NA,NA,NA
"833",2020-04-13,11.56,NA,NA,NA,NA,NA,NA,NA,NA,NA,NA,NA,NA
"834",2020-04-14,11.95,NA,NA,NA,NA,NA,NA,NA,NA,NA,NA,NA,NA
"835",2020-04-15,12.29,NA,NA,NA,NA,NA,NA,NA,NA,NA,NA,NA,NA
"836",2020-04-16,11.07,NA,NA,NA,NA,NA,NA,NA,NA,NA,NA,NA,NA
"837",2020-04-17,11.57,NA,NA,NA,NA,NA,NA,NA,NA,NA,NA,NA,NA
"838",2020-04-18,11.57,NA,NA,NA,NA,NA,NA,NA,NA,NA,NA,NA,NA
"839",2020-04-19,11.57,NA,NA,NA,NA,NA,NA,NA,NA,NA,NA,NA,NA
"840",2020-04-20,11.06,NA,NA,NA,NA,NA,NA,NA,NA,NA,NA,NA,NA
"841",2020-04-21,11,NA,NA,NA,NA,NA,NA,NA,NA,NA,NA,NA,NA
"842",2020-04-22,10.27,NA,NA,NA,NA,NA,NA,NA,NA,NA,NA,NA,NA
"843",2020-04-23,10.25,NA,NA,NA,NA,NA,NA,NA,NA,NA,NA,NA,NA
"844",2020-04-24,10.31,NA,NA,NA,NA,NA,NA,NA,NA,NA,NA,NA,NA
"845",2020-04-25,10.31,NA,NA,NA,NA,NA,NA,NA,NA,NA,NA,NA,NA
"846",2020-04-26,10.31,NA,NA,NA,NA,NA,NA,NA,NA,NA,NA,NA,NA
"847",2020-04-27,10.02,NA,NA,NA,NA,NA,NA,NA,NA,NA,NA,NA,NA
"848",2020-04-28,11.26,NA,NA,NA,NA,NA,NA,NA,NA,NA,NA,NA,NA
"849",2020-04-29,12.63,NA,NA,NA,NA,NA,NA,NA,NA,NA,NA,NA,NA
"850",2020-04-30,12.01,NA,NA,NA,NA,NA,NA,NA,NA,NA,NA,NA,NA
"851",2020-05-01,10.64,NA,NA,NA,NA,NA,NA,NA,NA,NA,NA,NA,NA
"852",2020-05-02,10.64,NA,NA,NA,NA,NA,NA,NA,NA,NA,NA,NA,NA
"853",2020-05-03,10.64,NA,NA,NA,NA,NA,NA,NA,NA,NA,NA,NA,NA
"854",2020-05-04,9.82,NA,NA,NA,NA,NA,NA,NA,NA,NA,NA,NA,NA
"855",2020-05-05,9.51,NA,NA,NA,NA,NA,NA,NA,NA,NA,NA,NA,NA
"856",2020-05-06,9.25,NA,NA,NA,NA,NA,NA,NA,NA,NA,NA,NA,NA
"857",2020-05-07,9.54,NA,NA,NA,NA,NA,NA,NA,NA,NA,NA,NA,NA
"858",2020-05-08,10.14,NA,NA,NA,NA,NA,NA,NA,NA,NA,NA,NA,NA
"859",2020-05-09,10.14,NA,NA,NA,NA,NA,NA,NA,NA,NA,NA,NA,NA
"860",2020-05-10,10.14,NA,NA,NA,NA,NA,NA,NA,NA,NA,NA,NA,NA
"861",2020-05-11,10.1,NA,NA,NA,NA,NA,NA,NA,NA,NA,NA,NA,NA
"862",2020-05-12,9.65,NA,NA,NA,NA,NA,NA,NA,NA,NA,NA,NA,NA
"863",2020-05-13,9.11,NA,NA,NA,NA,NA,NA,NA,NA,NA,NA,NA,NA
"864",2020-05-14,9.15,NA,NA,NA,NA,NA,NA,NA,NA,NA,NA,NA,NA
"865",2020-05-15,9.04,NA,NA,NA,NA,NA,NA,NA,NA,NA,NA,NA,NA
"866",2020-05-16,9.04,NA,NA,NA,NA,NA,NA,NA,NA,NA,NA,NA,NA
"867",2020-05-17,9.04,NA,NA,NA,NA,NA,NA,NA,NA,NA,NA,NA,NA
"868",2020-05-18,9.87,NA,NA,NA,NA,NA,NA,NA,NA,NA,NA,NA,NA
"869",2020-05-19,9.64,NA,NA,NA,NA,NA,NA,NA,NA,NA,NA,NA,NA
"870",2020-05-20,9.87,NA,NA,NA,NA,NA,NA,NA,NA,NA,NA,NA,NA
"871",2020-05-21,9.89,NA,NA,NA,NA,NA,NA,NA,NA,NA,NA,NA,NA
"872",2020-05-22,9.7,NA,NA,NA,NA,NA,NA,NA,NA,NA,NA,NA,NA
"873",2020-05-23,9.7,NA,NA,NA,NA,NA,NA,NA,NA,NA,NA,NA,NA
"874",2020-05-24,9.7,NA,NA,NA,NA,NA,NA,NA,NA,NA,NA,NA,NA
"875",2020-05-25,9.7,NA,NA,NA,NA,NA,NA,NA,NA,NA,NA,NA,NA
"876",2020-05-26,11.14,NA,NA,NA,NA,NA,NA,NA,NA,NA,NA,NA,NA
"877",2020-05-27,11.98,NA,NA,NA,NA,NA,NA,NA,NA,NA,NA,NA,NA
"878",2020-05-28,10.98,NA,NA,NA,NA,NA,NA,NA,NA,NA,NA,NA,NA
"879",2020-05-29,10.5,NA,NA,NA,NA,NA,NA,NA,NA,NA,NA,NA,NA
"880",2020-05-30,10.5,NA,NA,NA,NA,NA,NA,NA,NA,NA,NA,NA,NA
"881",2020-05-31,10.5,NA,NA,NA,NA,NA,NA,NA,NA,NA,NA,NA,NA
"882",2020-06-01,11.11,NA,NA,NA,NA,NA,NA,NA,NA,NA,NA,NA,NA
"883",2020-06-02,11.22,NA,NA,NA,NA,NA,NA,NA,NA,NA,NA,NA,NA
"884",2020-06-03,11.85,NA,NA,NA,NA,NA,NA,NA,NA,NA,NA,NA,NA
"885",2020-06-04,16.719999,NA,NA,NA,NA,NA,NA,NA,NA,NA,NA,NA,NA
"886",2020-06-05,18.59,NA,NA,NA,NA,NA,NA,NA,NA,NA,NA,NA,NA
"887",2020-06-06,18.59,NA,NA,NA,NA,NA,NA,NA,NA,NA,NA,NA,NA
"888",2020-06-07,18.59,NA,NA,NA,NA,NA,NA,NA,NA,NA,NA,NA,NA
"889",2020-06-08,20.309999,NA,NA,NA,NA,NA,NA,NA,NA,NA,NA,NA,NA
"890",2020-06-09,18.549999,NA,NA,NA,NA,NA,NA,NA,NA,NA,NA,NA,NA
"891",2020-06-10,17.02,NA,NA,NA,NA,NA,NA,NA,NA,NA,NA,NA,NA
"892",2020-06-11,14.38,NA,NA,NA,NA,NA,NA,NA,NA,NA,NA,NA,NA
"893",2020-06-12,16.74,NA,NA,NA,NA,NA,NA,NA,NA,NA,NA,NA,NA
"894",2020-06-13,16.74,NA,NA,NA,NA,NA,NA,NA,NA,NA,NA,NA,NA
"895",2020-06-14,16.74,NA,NA,NA,NA,NA,NA,NA,NA,NA,NA,NA,NA
"896",2020-06-15,16.700001,NA,NA,NA,NA,NA,NA,NA,NA,NA,NA,NA,NA
"897",2020-06-16,17.030001,NA,NA,NA,NA,NA,NA,NA,NA,NA,NA,NA,NA
"898",2020-06-17,16.98,NA,NA,NA,NA,NA,NA,NA,NA,NA,NA,NA,NA
"899",2020-06-18,16.49,NA,NA,NA,NA,NA,NA,NA,NA,NA,NA,NA,NA
"900",2020-06-19,16,NA,NA,NA,NA,NA,NA,NA,NA,NA,NA,NA,NA
"901",2020-06-20,16,NA,NA,NA,NA,NA,NA,NA,NA,NA,NA,NA,NA
"902",2020-06-21,16,NA,NA,NA,NA,NA,NA,NA,NA,NA,NA,NA,NA
"903",2020-06-22,14.92,NA,NA,NA,NA,NA,NA,NA,NA,NA,NA,NA,NA
"904",2020-06-23,14,NA,NA,NA,NA,NA,NA,NA,NA,NA,NA,NA,NA
"905",2020-06-24,13.04,NA,NA,NA,NA,NA,NA,NA,NA,NA,NA,NA,NA
"906",2020-06-25,13.17,NA,NA,NA,NA,NA,NA,NA,NA,NA,NA,NA,NA
"907",2020-06-26,12.38,NA,NA,NA,NA,NA,NA,NA,NA,NA,NA,NA,NA
"908",2020-06-27,12.38,NA,NA,NA,NA,NA,NA,NA,NA,NA,NA,NA,NA
"909",2020-06-28,12.38,NA,NA,NA,NA,NA,NA,NA,NA,NA,NA,NA,NA
"910",2020-06-29,13.32,NA,NA,NA,NA,NA,NA,NA,NA,NA,NA,NA,NA
"911",2020-06-30,13.07,NA,NA,NA,NA,NA,NA,NA,NA,NA,NA,NA,NA
"912",2020-07-01,12.81,NA,NA,NA,NA,NA,NA,NA,NA,NA,NA,NA,NA
"913",2020-07-02,12.5,NA,NA,NA,NA,NA,NA,NA,NA,NA,NA,NA,NA
"914",2020-07-03,12.5,NA,NA,NA,NA,NA,NA,NA,NA,NA,NA,NA,NA
"915",2020-07-04,12.5,NA,NA,NA,NA,NA,NA,NA,NA,NA,NA,NA,NA
"916",2020-07-05,12.5,NA,NA,NA,NA,NA,NA,NA,NA,NA,NA,NA,NA
"917",2020-07-06,12.8,NA,NA,NA,NA,NA,NA,NA,NA,NA,NA,NA,NA
"918",2020-07-07,11.91,NA,NA,NA,NA,NA,NA,NA,NA,NA,NA,NA,NA
"919",2020-07-08,11.99,NA,NA,NA,NA,NA,NA,NA,NA,NA,NA,NA,NA
"920",2020-07-09,11.18,NA,NA,NA,NA,NA,NA,NA,NA,NA,NA,NA,NA
"921",2020-07-10,11.94,NA,NA,NA,NA,NA,NA,NA,NA,NA,NA,NA,NA
"922",2020-07-11,11.94,NA,NA,NA,NA,NA,NA,NA,NA,NA,NA,NA,NA
"923",2020-07-12,11.94,NA,NA,NA,NA,NA,NA,NA,NA,NA,NA,NA,NA
"924",2020-07-13,11.63,NA,NA,NA,NA,NA,NA,NA,NA,NA,NA,NA,NA
"925",2020-07-14,11.57,NA,NA,NA,NA,NA,NA,NA,NA,NA,NA,NA,NA
"926",2020-07-15,13.44,NA,NA,NA,NA,NA,NA,NA,NA,NA,NA,NA,NA
"927",2020-07-16,12.45,NA,NA,NA,NA,NA,NA,NA,NA,NA,NA,NA,NA
"928",2020-07-17,11.91,NA,NA,NA,NA,NA,NA,NA,NA,NA,NA,NA,NA
"929",2020-07-18,11.91,NA,NA,NA,NA,NA,NA,NA,NA,NA,NA,NA,NA
"930",2020-07-19,11.91,NA,NA,NA,NA,NA,NA,NA,NA,NA,NA,NA,NA
"931",2020-07-20,11.47,NA,NA,NA,NA,NA,NA,NA,NA,NA,NA,NA,NA
"932",2020-07-21,11.47,NA,NA,NA,NA,NA,NA,NA,NA,NA,NA,NA,NA
"933",2020-07-22,11.36,NA,NA,NA,NA,NA,NA,NA,NA,NA,NA,NA,NA
"934",2020-07-23,11.77,NA,NA,NA,NA,NA,NA,NA,NA,NA,NA,NA,NA
"935",2020-07-24,11.39,NA,NA,NA,NA,NA,NA,NA,NA,NA,NA,NA,NA
"936",2020-07-25,11.39,NA,NA,NA,NA,NA,NA,NA,NA,NA,NA,NA,NA
"937",2020-07-26,11.39,NA,NA,NA,NA,NA,NA,NA,NA,NA,NA,NA,NA
"938",2020-07-27,11.39,NA,NA,NA,NA,NA,NA,NA,NA,NA,NA,NA,NA
"939",2020-07-28,11.77,NA,NA,NA,NA,NA,NA,NA,NA,NA,NA,NA,NA
"940",2020-07-29,11.4,NA,NA,NA,NA,NA,NA,NA,NA,NA,NA,NA,NA
"941",2020-07-30,11.18,NA,NA,NA,NA,NA,NA,NA,NA,NA,NA,NA,NA
"942",2020-07-31,11.12,NA,NA,NA,NA,NA,NA,NA,NA,NA,NA,NA,NA
"943",2020-08-01,11.12,NA,NA,NA,NA,NA,NA,NA,NA,NA,NA,NA,NA
"944",2020-08-02,11.12,NA,NA,NA,NA,NA,NA,NA,NA,NA,NA,NA,NA
"945",2020-08-03,11.08,NA,NA,NA,NA,NA,NA,NA,NA,NA,NA,NA,NA
"946",2020-08-04,11.47,NA,NA,NA,NA,NA,NA,NA,NA,NA,NA,NA,NA
"947",2020-08-05,12.56,NA,NA,NA,NA,NA,NA,NA,NA,NA,NA,NA,NA
"948",2020-08-06,13.04,NA,NA,NA,NA,NA,NA,NA,NA,NA,NA,NA,NA
"949",2020-08-07,13.03,NA,NA,NA,NA,NA,NA,NA,NA,NA,NA,NA,NA
"950",2020-08-08,13.03,NA,NA,NA,NA,NA,NA,NA,NA,NA,NA,NA,NA
"951",2020-08-09,13.03,NA,NA,NA,NA,NA,NA,NA,NA,NA,NA,NA,NA
"952",2020-08-10,14,NA,NA,NA,NA,NA,NA,NA,NA,NA,NA,NA,NA
"953",2020-08-11,13.73,NA,NA,NA,NA,NA,NA,NA,NA,NA,NA,NA,NA
"954",2020-08-12,13.54,NA,NA,NA,NA,NA,NA,NA,NA,NA,NA,NA,NA
"955",2020-08-13,13.3,NA,NA,NA,NA,NA,NA,NA,NA,NA,NA,NA,NA
"956",2020-08-14,13.33,NA,NA,NA,NA,NA,NA,NA,NA,NA,NA,NA,NA
"957",2020-08-15,13.33,NA,NA,NA,NA,NA,NA,NA,NA,NA,NA,NA,NA
"958",2020-08-16,13.33,NA,NA,NA,NA,NA,NA,NA,NA,NA,NA,NA,NA
"959",2020-08-17,12.62,NA,NA,NA,NA,NA,NA,NA,NA,NA,NA,NA,NA
"960",2020-08-18,12.6,NA,NA,NA,NA,NA,NA,NA,NA,NA,NA,NA,NA
"961",2020-08-19,12.68,NA,NA,NA,NA,NA,NA,NA,NA,NA,NA,NA,NA
"962",2020-08-20,12.5,NA,NA,NA,NA,NA,NA,NA,NA,NA,NA,NA,NA
"963",2020-08-21,12.16,NA,NA,NA,NA,NA,NA,NA,NA,NA,NA,NA,NA
"964",2020-08-22,12.16,NA,NA,NA,NA,NA,NA,NA,NA,NA,NA,NA,NA
"965",2020-08-23,12.16,NA,NA,NA,NA,NA,NA,NA,NA,NA,NA,NA,NA
"966",2020-08-24,13.44,NA,NA,NA,NA,NA,NA,NA,NA,NA,NA,NA,NA
"967",2020-08-25,13.14,NA,NA,NA,NA,NA,NA,NA,NA,NA,NA,NA,NA
"968",2020-08-26,12.79,NA,NA,NA,NA,NA,NA,NA,NA,NA,NA,NA,NA
"969",2020-08-27,13.28,NA,NA,NA,NA,NA,NA,NA,NA,NA,NA,NA,NA
"970",2020-08-28,13.59,NA,NA,NA,NA,NA,NA,NA,NA,NA,NA,NA,NA
"971",2020-08-29,13.59,NA,NA,NA,NA,NA,NA,NA,NA,NA,NA,NA,NA
"972",2020-08-30,13.59,NA,NA,NA,NA,NA,NA,NA,NA,NA,NA,NA,NA
"973",2020-08-31,13.05,NA,NA,NA,NA,NA,NA,NA,NA,NA,NA,NA,NA
"974",2020-09-01,13.1,NA,NA,NA,NA,NA,NA,NA,NA,NA,NA,NA,NA
"975",2020-09-02,13.23,NA,NA,NA,NA,NA,NA,NA,NA,NA,NA,NA,NA
"976",2020-09-03,13.36,NA,NA,NA,NA,NA,NA,NA,NA,NA,NA,NA,NA
"977",2020-09-04,13.61,NA,NA,NA,NA,NA,NA,NA,NA,NA,NA,NA,NA
"978",2020-09-05,13.61,NA,NA,NA,NA,NA,NA,NA,NA,NA,NA,NA,NA
"979",2020-09-06,13.61,NA,NA,NA,NA,NA,NA,NA,NA,NA,NA,NA,NA
"980",2020-09-07,13.61,NA,NA,NA,NA,NA,NA,NA,NA,NA,NA,NA,NA
"981",2020-09-08,13.63,NA,NA,NA,NA,NA,NA,NA,NA,NA,NA,NA,NA
"982",2020-09-09,13.05,NA,NA,NA,NA,NA,NA,NA,NA,NA,NA,NA,NA
"983",2020-09-10,13.01,NA,NA,NA,NA,NA,NA,NA,NA,NA,NA,NA,NA
"984",2020-09-11,12.95,NA,NA,NA,NA,NA,NA,NA,NA,NA,NA,NA,NA
"985",2020-09-12,12.95,NA,NA,NA,NA,NA,NA,NA,NA,NA,NA,NA,NA
"986",2020-09-13,12.95,NA,NA,NA,NA,NA,NA,NA,NA,NA,NA,NA,NA
"987",2020-09-14,13.26,NA,NA,NA,NA,NA,NA,NA,NA,NA,NA,NA,NA
"988",2020-09-15,13.14,NA,NA,NA,NA,NA,NA,NA,NA,NA,NA,NA,NA
"989",2020-09-16,13.8,NA,NA,NA,NA,NA,NA,NA,NA,NA,NA,NA,NA
"990",2020-09-17,13.63,NA,NA,NA,NA,NA,NA,NA,NA,NA,NA,NA,NA
"991",2020-09-18,13.19,NA,NA,NA,NA,NA,NA,NA,NA,NA,NA,NA,NA
"992",2020-09-19,13.19,NA,NA,NA,NA,NA,NA,NA,NA,NA,NA,NA,NA
"993",2020-09-20,13.19,NA,NA,NA,NA,NA,NA,NA,NA,NA,NA,NA,NA
"994",2020-09-21,12.21,NA,NA,NA,NA,NA,NA,NA,NA,NA,NA,NA,NA
"995",2020-09-22,12.34,NA,NA,NA,NA,NA,NA,NA,NA,NA,NA,NA,NA
"996",2020-09-23,11.93,NA,NA,NA,NA,NA,NA,NA,NA,NA,NA,NA,NA
"997",2020-09-24,11.77,NA,NA,NA,NA,NA,NA,NA,NA,NA,NA,NA,NA
"998",2020-09-25,12.29,NA,NA,NA,NA,NA,NA,NA,NA,NA,NA,NA,NA
"999",2020-09-26,12.29,NA,NA,NA,NA,NA,NA,NA,NA,NA,NA,NA,NA
"1000",2020-09-27,12.29,NA,NA,NA,NA,NA,NA,NA,NA,NA,NA,NA,NA
"1001",2020-09-28,12.76,NA,NA,NA,NA,NA,NA,NA,NA,NA,NA,NA,NA
"1002",2020-09-29,12.25,NA,NA,NA,NA,NA,NA,NA,NA,NA,NA,NA,NA
"1003",2020-09-30,12.29,NA,NA,NA,NA,NA,NA,NA,NA,NA,NA,NA,NA
"1004",2020-10-01,12.58,NA,NA,NA,NA,NA,NA,NA,NA,NA,NA,NA,NA
"1005",2020-10-02,13,NA,NA,NA,NA,NA,NA,NA,NA,NA,NA,NA,NA
"1006",2020-10-03,13,NA,NA,NA,NA,NA,NA,NA,NA,NA,NA,NA,NA
"1007",2020-10-04,13,NA,NA,NA,NA,NA,NA,NA,NA,NA,NA,NA,NA
"1008",2020-10-05,13.12,NA,NA,NA,NA,NA,NA,NA,NA,NA,NA,NA,NA
"1009",2020-10-06,12.53,NA,NA,NA,NA,NA,NA,NA,NA,NA,NA,NA,NA
"1010",2020-10-07,13.07,NA,NA,NA,NA,NA,NA,NA,NA,NA,NA,NA,NA
"1011",2020-10-08,13.16,NA,NA,NA,NA,NA,NA,NA,NA,NA,NA,NA,NA
"1012",2020-10-09,13.2,NA,NA,NA,NA,NA,NA,NA,NA,NA,NA,NA,NA
"1013",2020-10-10,13.2,NA,NA,NA,NA,NA,NA,NA,NA,NA,NA,NA,NA
"1014",2020-10-11,13.2,NA,NA,NA,NA,NA,NA,NA,NA,NA,NA,NA,NA
"1015",2020-10-12,12.92,NA,NA,NA,NA,NA,NA,NA,NA,NA,NA,NA,NA
"1016",2020-10-13,12.22,NA,NA,NA,NA,NA,NA,NA,NA,NA,NA,NA,NA
"1017",2020-10-14,12.36,NA,NA,NA,NA,NA,NA,NA,NA,NA,NA,NA,NA
"1018",2020-10-15,12.23,NA,NA,NA,NA,NA,NA,NA,NA,NA,NA,NA,NA
"1019",2020-10-16,12.46,NA,NA,NA,NA,NA,NA,NA,NA,NA,NA,NA,NA
"1020",2020-10-17,12.46,NA,NA,NA,NA,NA,NA,NA,NA,NA,NA,NA,NA
"1021",2020-10-18,12.46,NA,NA,NA,NA,NA,NA,NA,NA,NA,NA,NA,NA
"1022",2020-10-19,12.56,NA,NA,NA,NA,NA,NA,NA,NA,NA,NA,NA,NA
"1023",2020-10-20,12.8,NA,NA,NA,NA,NA,NA,NA,NA,NA,NA,NA,NA
"1024",2020-10-21,12.75,NA,NA,NA,NA,NA,NA,NA,NA,NA,NA,NA,NA
"1025",2020-10-22,13.15,NA,NA,NA,NA,NA,NA,NA,NA,NA,NA,NA,NA
"1026",2020-10-23,12.6,NA,NA,NA,NA,NA,NA,NA,NA,NA,NA,NA,NA
"1027",2020-10-24,12.6,NA,NA,NA,NA,NA,NA,NA,NA,NA,NA,NA,NA
"1028",2020-10-25,12.6,NA,NA,NA,NA,NA,NA,NA,NA,NA,NA,NA,NA
"1029",2020-10-26,11.8,NA,NA,NA,NA,NA,NA,NA,NA,NA,NA,NA,NA
"1030",2020-10-27,11.23,NA,NA,NA,NA,NA,NA,NA,NA,NA,NA,NA,NA
"1031",2020-10-28,10.95,NA,NA,NA,NA,NA,NA,NA,NA,NA,NA,NA,NA
"1032",2020-10-29,11.16,NA,NA,NA,NA,NA,NA,NA,NA,NA,NA,NA,NA
"1033",2020-10-30,11.28,NA,NA,NA,NA,NA,NA,NA,NA,NA,NA,NA,NA
"1034",2020-10-31,11.28,NA,NA,NA,NA,NA,NA,NA,NA,NA,NA,NA,NA
"1035",2020-11-01,11.28,NA,NA,NA,NA,NA,NA,NA,NA,NA,NA,NA,NA
"1036",2020-11-02,11.19,NA,NA,NA,NA,NA,NA,NA,NA,NA,NA,NA,NA
"1037",2020-11-03,11.25,NA,NA,NA,NA,NA,NA,NA,NA,NA,NA,NA,NA
"1038",2020-11-04,11.01,NA,NA,NA,NA,NA,NA,NA,NA,NA,NA,NA,NA
"1039",2020-11-05,11.6,NA,NA,NA,NA,NA,NA,NA,NA,NA,NA,NA,NA
"1040",2020-11-06,11.46,NA,NA,NA,NA,NA,NA,NA,NA,NA,NA,NA,NA
"1041",2020-11-07,11.46,NA,NA,NA,NA,NA,NA,NA,NA,NA,NA,NA,NA
"1042",2020-11-08,11.46,NA,NA,NA,NA,NA,NA,NA,NA,NA,NA,NA,NA
"1043",2020-11-09,13.2,NA,NA,NA,NA,NA,NA,NA,NA,NA,NA,NA,NA
"1044",2020-11-10,12.38,NA,NA,NA,NA,NA,NA,NA,NA,NA,NA,NA,NA
"1045",2020-11-11,12.04,NA,NA,NA,NA,NA,NA,NA,NA,NA,NA,NA,NA
"1046",2020-11-12,11.74,NA,NA,NA,NA,NA,NA,NA,NA,NA,NA,NA,NA
"1047",2020-11-13,12.24,NA,NA,NA,NA,NA,NA,NA,NA,NA,NA,NA,NA
"1048",2020-11-14,12.24,NA,NA,NA,NA,NA,NA,NA,NA,NA,NA,NA,NA
"1049",2020-11-15,12.24,NA,NA,NA,NA,NA,NA,NA,NA,NA,NA,NA,NA
"1050",2020-11-16,12.79,NA,NA,NA,NA,NA,NA,NA,NA,NA,NA,NA,NA
"1051",2020-11-17,12.7,NA,NA,NA,NA,NA,NA,NA,NA,NA,NA,NA,NA
"1052",2020-11-18,12.74,NA,NA,NA,NA,NA,NA,NA,NA,NA,NA,NA,NA
"1053",2020-11-19,12.79,NA,NA,NA,NA,NA,NA,NA,NA,NA,NA,NA,NA
"1054",2020-11-20,12.53,NA,NA,NA,NA,NA,NA,NA,NA,NA,NA,NA,NA
"1055",2020-11-21,12.53,NA,NA,NA,NA,NA,NA,NA,NA,NA,NA,NA,NA
"1056",2020-11-22,12.53,NA,NA,NA,NA,NA,NA,NA,NA,NA,NA,NA,NA
"1057",2020-11-23,13.56,NA,NA,NA,NA,NA,NA,NA,NA,NA,NA,NA,NA
"1058",2020-11-24,14.82,NA,NA,NA,NA,NA,NA,NA,NA,NA,NA,NA,NA
"1059",2020-11-25,14.94,NA,NA,NA,NA,NA,NA,NA,NA,NA,NA,NA,NA
"1060",2020-11-26,14.94,NA,NA,NA,NA,NA,NA,NA,NA,NA,NA,NA,NA
"1061",2020-11-27,14.98,NA,NA,NA,NA,NA,NA,NA,NA,NA,NA,NA,NA
"1062",2020-11-28,14.98,NA,NA,NA,NA,NA,NA,NA,NA,NA,NA,NA,NA
"1063",2020-11-29,14.98,NA,NA,NA,NA,NA,NA,NA,NA,NA,NA,NA,NA
"1064",2020-11-30,14.13,NA,NA,NA,NA,NA,NA,NA,NA,NA,NA,NA,NA
"1065",2020-12-01,14.27,NA,NA,NA,NA,NA,NA,NA,NA,NA,NA,NA,NA
"1066",2020-12-02,14.86,NA,NA,NA,NA,NA,NA,NA,NA,NA,NA,NA,NA
"1067",2020-12-03,16.09,NA,NA,NA,NA,NA,NA,NA,NA,NA,NA,NA,NA
"1068",2020-12-04,16.4,NA,NA,NA,NA,NA,NA,NA,NA,NA,NA,NA,NA
"1069",2020-12-05,16.4,NA,NA,NA,NA,NA,NA,NA,NA,NA,NA,NA,NA
"1070",2020-12-06,16.4,NA,NA,NA,NA,NA,NA,NA,NA,NA,NA,NA,NA
"1071",2020-12-07,17.209999,NA,NA,NA,NA,NA,NA,NA,NA,NA,NA,NA,NA
"1072",2020-12-08,17.629999,NA,NA,NA,NA,NA,NA,NA,NA,NA,NA,NA,NA
"1073",2020-12-09,17.16,NA,NA,NA,NA,NA,NA,NA,NA,NA,NA,NA,NA
"1074",2020-12-10,17.99,NA,NA,NA,NA,NA,NA,NA,NA,NA,NA,NA,NA
"1075",2020-12-11,17.049999,NA,NA,NA,NA,NA,NA,NA,NA,NA,NA,NA,NA
"1076",2020-12-12,17.049999,NA,NA,NA,NA,NA,NA,NA,NA,NA,NA,NA,NA
"1077",2020-12-13,17.049999,NA,NA,NA,NA,NA,NA,NA,NA,NA,NA,NA,NA
"1078",2020-12-14,16.700001,NA,NA,NA,NA,NA,NA,NA,NA,NA,NA,NA,NA
"1079",2020-12-15,17.01,NA,NA,NA,NA,NA,NA,NA,NA,NA,NA,NA,NA
"1080",2020-12-16,16.860001,NA,NA,NA,NA,NA,NA,NA,NA,NA,NA,NA,NA
"1081",2020-12-17,16.799999,NA,NA,NA,NA,NA,NA,NA,NA,NA,NA,NA,NA
"1082",2020-12-18,16.51,NA,NA,NA,NA,NA,NA,NA,NA,NA,NA,NA,NA
"1083",2020-12-19,16.51,NA,NA,NA,NA,NA,NA,NA,NA,NA,NA,NA,NA
"1084",2020-12-20,16.51,NA,NA,NA,NA,NA,NA,NA,NA,NA,NA,NA,NA
"1085",2020-12-21,16.1,NA,NA,NA,NA,NA,NA,NA,NA,NA,NA,NA,NA
"1086",2020-12-22,15.48,NA,NA,NA,NA,NA,NA,NA,NA,NA,NA,NA,NA
"1087",2020-12-23,15.89,NA,NA,NA,NA,NA,NA,NA,NA,NA,NA,NA,NA
"1088",2020-12-24,15.66,NA,NA,NA,NA,NA,NA,NA,NA,NA,NA,NA,NA
"1089",2020-12-25,15.66,NA,NA,NA,NA,NA,NA,NA,NA,NA,NA,NA,NA
"1090",2020-12-26,15.66,NA,NA,NA,NA,NA,NA,NA,NA,NA,NA,NA,NA
"1091",2020-12-27,15.66,NA,NA,NA,NA,NA,NA,NA,NA,NA,NA,NA,NA
"1092",2020-12-28,16.059999,NA,NA,NA,NA,NA,NA,NA,NA,NA,NA,NA,NA
"1093",2020-12-29,15.86,NA,NA,NA,NA,NA,NA,NA,NA,NA,NA,NA,NA
"1094",2020-12-30,16.15,NA,NA,NA,NA,NA,NA,NA,NA,NA,NA,NA,NA
"1095",2020-12-31,15.77,NA,NA,NA,NA,NA,NA,NA,NA,NA,NA,NA,NA
"1096",2021-01-01,15.77,NA,NA,NA,NA,NA,NA,NA,NA,NA,NA,NA,NA
"1097",2021-01-02,15.77,NA,NA,NA,NA,NA,NA,NA,NA,NA,NA,NA,NA
"1098",2021-01-03,15.77,NA,NA,NA,NA,NA,NA,NA,NA,NA,NA,NA,NA
"1099",2021-01-04,15.13,NA,NA,NA,NA,NA,NA,NA,NA,NA,NA,NA,NA
"1100",2021-01-05,15.43,NA,NA,NA,NA,NA,NA,NA,NA,NA,NA,NA,NA
"1101",2021-01-06,15.52,NA,NA,NA,NA,NA,NA,NA,NA,NA,NA,NA,NA
"1102",2021-01-07,15.38,NA,NA,NA,NA,NA,NA,NA,NA,NA,NA,NA,NA
"1103",2021-01-08,15.13,NA,NA,NA,NA,NA,NA,NA,NA,NA,NA,NA,NA
"1104",2021-01-09,15.13,NA,NA,NA,NA,NA,NA,NA,NA,NA,NA,NA,NA
"1105",2021-01-10,15.13,NA,NA,NA,NA,NA,NA,NA,NA,NA,NA,NA,NA
"1106",2021-01-11,15,NA,NA,NA,NA,NA,NA,NA,NA,NA,NA,NA,NA
"1107",2021-01-12,15.38,NA,NA,NA,NA,NA,NA,NA,NA,NA,NA,NA,NA
"1108",2021-01-13,15.53,NA,NA,NA,NA,NA,NA,NA,NA,NA,NA,NA,NA
"1109",2021-01-14,16.440001,NA,NA,NA,NA,NA,NA,NA,NA,NA,NA,NA,NA
"1110",2021-01-15,15.76,NA,NA,NA,NA,NA,NA,NA,NA,NA,NA,NA,NA
"1111",2021-01-16,15.76,NA,NA,NA,NA,NA,NA,NA,NA,NA,NA,NA,NA
"1112",2021-01-17,15.76,NA,NA,NA,NA,NA,NA,NA,NA,NA,NA,NA,NA
"1113",2021-01-18,15.76,NA,NA,NA,NA,NA,NA,NA,NA,NA,NA,NA,NA
"1114",2021-01-19,15.97,NA,NA,NA,NA,NA,NA,NA,NA,NA,NA,NA,NA
"1115",2021-01-20,16.17,NA,NA,NA,NA,NA,NA,NA,NA,NA,NA,NA,NA
"1116",2021-01-21,15.83,NA,NA,NA,NA,NA,NA,NA,NA,NA,NA,NA,NA
"1117",2021-01-22,15.82,NA,NA,NA,NA,NA,NA,NA,NA,NA,NA,NA,NA
"1118",2021-01-23,15.82,NA,NA,NA,NA,NA,NA,NA,NA,NA,NA,NA,NA
"1119",2021-01-24,15.82,NA,NA,NA,NA,NA,NA,NA,NA,NA,NA,NA,NA
"1120",2021-01-25,15.43,NA,NA,NA,NA,NA,NA,NA,NA,NA,NA,NA,NA
"1121",2021-01-26,15.53,NA,NA,NA,NA,NA,NA,NA,NA,NA,NA,NA,NA
"1122",2021-01-27,16.559999,NA,NA,NA,NA,NA,NA,NA,NA,NA,NA,NA,NA
"1123",2021-01-28,18.1,NA,NA,NA,NA,NA,NA,NA,NA,NA,NA,NA,NA
"1124",2021-01-29,17.17,NA,NA,NA,NA,NA,NA,NA,NA,NA,NA,NA,NA
"1125",2021-01-30,17.17,NA,NA,NA,NA,NA,NA,NA,NA,NA,NA,NA,NA
"1126",2021-01-31,17.17,NA,NA,NA,NA,NA,NA,NA,NA,NA,NA,NA,NA
"1127",2021-02-01,16.84,NA,NA,NA,NA,NA,NA,NA,NA,NA,NA,NA,NA
"1128",2021-02-02,16.59,NA,NA,NA,NA,NA,NA,NA,NA,NA,NA,NA,NA
"1129",2021-02-03,17.6,NA,NA,NA,NA,NA,NA,NA,NA,NA,NA,NA,NA
"1130",2021-02-04,17.4,NA,NA,NA,NA,NA,NA,NA,NA,NA,NA,NA,NA
"1131",2021-02-05,17.190001,NA,NA,NA,NA,NA,NA,NA,NA,NA,NA,NA,NA
"1132",2021-02-06,17.190001,NA,NA,NA,NA,NA,NA,NA,NA,NA,NA,NA,NA
"1133",2021-02-07,17.190001,NA,NA,NA,NA,NA,NA,NA,NA,NA,NA,NA,NA
"1134",2021-02-08,17.77,NA,NA,NA,NA,NA,NA,NA,NA,NA,NA,NA,NA
"1135",2021-02-09,17.440001,NA,NA,NA,NA,NA,NA,NA,NA,NA,NA,NA,NA
"1136",2021-02-10,17.41,NA,NA,NA,NA,NA,NA,NA,NA,NA,NA,NA,NA
"1137",2021-02-11,16.99,NA,NA,NA,NA,NA,NA,NA,NA,NA,NA,NA,NA
"1138",2021-02-12,17.27,NA,NA,NA,NA,NA,NA,NA,NA,NA,NA,NA,NA
"1139",2021-02-13,17.27,NA,NA,NA,NA,NA,NA,NA,NA,NA,NA,NA,NA
"1140",2021-02-14,17.27,NA,NA,NA,NA,NA,NA,NA,NA,NA,NA,NA,NA
"1141",2021-02-15,17.27,NA,NA,NA,NA,NA,NA,NA,NA,NA,NA,NA,NA
"1142",2021-02-16,17.82,NA,NA,NA,NA,NA,NA,NA,NA,NA,NA,NA,NA
"1143",2021-02-17,17.99,NA,NA,NA,NA,NA,NA,NA,NA,NA,NA,NA,NA
"1144",2021-02-18,17.709999,NA,NA,NA,NA,NA,NA,NA,NA,NA,NA,NA,NA
"1145",2021-02-19,18.68,NA,NA,NA,NA,NA,NA,NA,NA,NA,NA,NA,NA
"1146",2021-02-20,18.68,NA,NA,NA,NA,NA,NA,NA,NA,NA,NA,NA,NA
"1147",2021-02-21,18.68,NA,NA,NA,NA,NA,NA,NA,NA,NA,NA,NA,NA
"1148",2021-02-22,20.440001,NA,NA,NA,NA,NA,NA,NA,NA,NA,NA,NA,NA
"1149",2021-02-23,20.66,NA,NA,NA,NA,NA,NA,NA,NA,NA,NA,NA,NA
"1150",2021-02-24,21.82,NA,NA,NA,NA,NA,NA,NA,NA,NA,NA,NA,NA
"1151",2021-02-25,20.860001,NA,NA,NA,NA,NA,NA,NA,NA,NA,NA,NA,NA
"1152",2021-02-26,20.940001,NA,NA,NA,NA,NA,NA,NA,NA,NA,NA,NA,NA
"1153",2021-02-27,20.940001,NA,NA,NA,NA,NA,NA,NA,NA,NA,NA,NA,NA
"1154",2021-02-28,20.940001,NA,NA,NA,NA,NA,NA,NA,NA,NA,NA,NA,NA
"1155",2021-03-01,21.18,NA,NA,NA,NA,NA,NA,NA,NA,NA,NA,NA,NA
"1156",2021-03-02,21.440001,NA,NA,NA,NA,NA,NA,NA,NA,NA,NA,NA,NA
"1157",2021-03-03,22.17,NA,NA,NA,NA,NA,NA,NA,NA,NA,NA,NA,NA
"1158",2021-03-04,21.24,NA,NA,NA,NA,NA,NA,NA,NA,NA,NA,NA,NA
"1159",2021-03-05,20.450001,NA,NA,NA,NA,NA,NA,NA,NA,NA,NA,NA,NA
"1160",2021-03-06,20.450001,NA,NA,NA,NA,NA,NA,NA,NA,NA,NA,NA,NA
"1161",2021-03-07,20.450001,NA,NA,NA,NA,NA,NA,NA,NA,NA,NA,NA,NA
"1162",2021-03-08,21.469999,NA,NA,NA,NA,NA,NA,NA,NA,NA,NA,NA,NA
"1163",2021-03-09,21.6,NA,NA,NA,NA,NA,NA,NA,NA,NA,NA,NA,NA
"1164",2021-03-10,21.75,NA,NA,NA,NA,NA,NA,NA,NA,NA,NA,NA,NA
"1165",2021-03-11,22.15,NA,NA,NA,NA,NA,NA,NA,NA,NA,NA,NA,NA
"1166",2021-03-12,23.370001,NA,NA,NA,NA,NA,NA,NA,NA,NA,NA,NA,NA
"1167",2021-03-13,23.370001,NA,NA,NA,NA,NA,NA,NA,NA,NA,NA,NA,NA
"1168",2021-03-14,23.370001,NA,NA,NA,NA,NA,NA,NA,NA,NA,NA,NA,NA
"1169",2021-03-15,25.17,NA,NA,NA,NA,NA,NA,NA,NA,NA,NA,NA,NA
"1170",2021-03-16,24.469999,NA,NA,NA,NA,NA,NA,NA,NA,NA,NA,NA,NA
"1171",2021-03-17,25.16,NA,NA,NA,NA,NA,NA,NA,NA,NA,NA,NA,NA
"1172",2021-03-18,24.700001,NA,NA,NA,NA,NA,NA,NA,NA,NA,NA,NA,NA
"1173",2021-03-19,24.969999,NA,NA,NA,NA,NA,NA,NA,NA,NA,NA,NA,NA
"1174",2021-03-20,24.969999,NA,NA,NA,NA,NA,NA,NA,NA,NA,NA,NA,NA
"1175",2021-03-21,24.969999,NA,NA,NA,NA,NA,NA,NA,NA,NA,NA,NA,NA
"1176",2021-03-22,23.83,NA,NA,NA,NA,NA,NA,NA,NA,NA,NA,NA,NA
"1177",2021-03-23,22.27,NA,NA,NA,NA,NA,NA,NA,NA,NA,NA,NA,NA
"1178",2021-03-24,21.809999,NA,NA,NA,NA,NA,NA,NA,NA,NA,NA,NA,NA
"1179",2021-03-25,22.77,NA,NA,NA,NA,NA,NA,NA,NA,NA,NA,NA,NA
"1180",2021-03-26,22.93,NA,NA,NA,NA,NA,NA,NA,NA,NA,NA,NA,NA
"1181",2021-03-27,22.93,NA,NA,NA,NA,NA,NA,NA,NA,NA,NA,NA,NA
"1182",2021-03-28,22.93,NA,NA,NA,NA,NA,NA,NA,NA,NA,NA,NA,NA
"1183",2021-03-29,22.91,NA,NA,NA,NA,NA,NA,NA,NA,NA,NA,NA,NA
"1184",2021-03-30,24.120001,NA,NA,NA,NA,NA,NA,NA,NA,NA,NA,NA,NA
"1185",2021-03-31,23.9,NA,NA,NA,NA,NA,NA,NA,NA,NA,NA,NA,NA
"1186",2021-04-01,23.860001,NA,NA,NA,NA,NA,NA,NA,NA,NA,NA,NA,NA
"1187",2021-04-02,NA,28.4767538111298,23.860001,23.860001,23.860001,23.8600050052906,23.8370997290673,23.4970913171595,23.8439055013818,23.8600050493304,23.8588212086887,23.9071127510101,23.96229960046
"1188",2021-04-03,NA,28.4767538111298,23.860001,23.860001,23.860001,23.8600050052906,23.8141967460445,23.5426595095492,23.8278076087067,23.8600050493304,23.8588212086887,24.0719074616658,24.2357290142867
"1189",2021-04-04,NA,28.4767538111298,23.860001,23.860001,23.860001,23.8600050052906,23.7912937630216,23.5882279439304,23.8117097160315,23.8600050493304,23.8588212086887,24.1879626766154,24.2827780630296
"1190",2021-04-05,NA,28.4767538111298,23.860001,23.860001,23.860001,23.8600050052906,23.7683907799987,23.6337964795283,23.7956118233564,23.8600050493304,23.8588212086887,24.1524227490767,24.380170259462
"1191",2021-04-06,NA,28.4767538111298,23.860001,23.860001,23.860001,23.8600050052906,23.7454877969759,23.6793646937332,23.7795139306812,23.8600050493304,23.8588212086887,24.0352462263312,24.5645714152502
"1192",2021-04-07,NA,28.4767538111298,23.860001,23.860001,23.860001,23.8600050052906,23.722584813953,23.7249331306524,23.7634160380061,23.8600050493304,23.8588212086887,23.9705038369774,24.6191989035786
"1193",2021-04-08,NA,28.4767538111298,23.860001,23.860001,23.860001,23.8600050052906,23.6996818309302,23.7705013785086,23.747318145331,23.8600050493304,23.8588212086887,24.0097438642263,24.8119657369068
"1194",2021-04-09,NA,28.4767538111298,23.860001,23.860001,23.860001,23.8600050052906,23.6767788479073,23.8160698910683,23.7312202526558,23.8600050493304,23.8588212086887,24.0903665441883,24.9158232045536
"1195",2021-04-10,NA,28.4767538111298,23.860001,23.860001,23.860001,23.8600050052906,23.6538758648845,23.8616381803378,23.7151223599807,23.8600050493304,23.8588212086887,24.1235405271976,25.0311332838725
"1196",2021-04-11,NA,28.4767538111298,23.860001,23.860001,23.860001,23.8600050052906,23.6309728818616,23.9072067239095,23.6990244673055,23.8600050493304,23.8588212086887,24.0876061196885,25.1514493107051
"1197",2021-04-12,NA,28.4767538111298,23.860001,23.860001,23.860001,23.8600050052906,23.6080698988387,23.9527750528755,23.6829265746304,23.8600050493304,23.8588212086887,24.0338580503704,25.2948783722523
"1198",2021-04-13,NA,28.4767538111298,23.860001,23.860001,23.860001,23.8600050052906,23.5851669158159,23.9983432914197,23.6668286819553,23.8600050493304,23.8588212086887,24.0192591939136,25.4111030595928
"1199",2021-04-14,NA,28.4767538111298,23.860001,23.860001,23.860001,23.8600050052906,23.562263932793,24.0439117976835,23.6507307892801,23.8600050493304,23.8588212086887,24.049121905943,25.529235796294
"1200",2021-04-15,NA,28.4767538111298,23.860001,23.860001,23.860001,23.8600050052906,23.5393609497702,24.0894800113046,23.634632896605,23.8600050493304,23.8588212086887,24.0838141300698,25.6631814520783
"1201",2021-04-16,NA,28.4767538111298,23.860001,23.860001,23.860001,23.8600050052906,23.5164579667473,24.1350484398818,23.6185350039298,23.8600050493304,23.8588212086887,24.088108814167,25.7802200048599
"1202",2021-04-17,NA,28.4767538111298,23.860001,23.860001,23.860001,23.8600050052906,23.4935549837244,24.1806166632864,23.6024371112547,23.8600050493304,23.8588212086887,24.0648039731619,25.9050014965638
"1203",2021-04-18,NA,28.4767538111298,23.860001,23.860001,23.860001,23.8600050052906,23.4706520007016,24.2261850459235,23.5863392185795,23.8600050493304,23.8588212086887,24.043188977443,26.0252287659033
"1204",2021-04-19,NA,28.4767538111298,23.860001,23.860001,23.860001,23.8600050052906,23.4477490176787,24.2717534619481,23.5702413259044,23.8600050493304,23.8588212086887,24.044126763885,26.1455365818844
"1205",2021-04-20,NA,28.4767538111298,23.860001,23.860001,23.860001,23.8600050052906,23.4248460346559,24.3173218371227,23.5541434332293,23.8600050493304,23.8588212086887,24.0614862987669,26.2633665629766
"1206",2021-04-21,NA,28.4767538111298,23.860001,23.860001,23.860001,23.8600050052906,23.401943051633,24.3628902255305,23.5380455405541,23.8600050493304,23.8588212086887,24.0744057084706,26.3819064974968
"1207",2021-04-22,NA,28.4767538111298,23.860001,23.860001,23.860001,23.8600050052906,23.3790400686102,24.4084584311222,23.521947647879,23.8600050493304,23.8588212086887,24.0712073310785,26.497077236647
"1208",2021-04-23,NA,28.4767538111298,23.860001,23.860001,23.860001,23.8600050052906,23.3561370855873,24.4540269612428,23.5058497552038,23.8600050493304,23.8588212086887,24.0587586868935,26.6098167751098
"1209",2021-04-24,NA,28.4767538111298,23.860001,23.860001,23.860001,23.8600050052906,23.3332341025644,24.4995953105324,23.4897518625287,23.8600050493304,23.8588212086887,24.0514365765328,26.7216995668359
"1210",2021-04-25,NA,28.4767538111298,23.860001,23.860001,23.860001,23.8600050052906,23.3103311195416,24.5451636729035,23.4736539698536,23.8600050493304,23.8588212086887,24.0552565045681,26.8297194497451
"1211",2021-04-26,NA,28.4767538111298,23.860001,23.860001,23.860001,23.8600050052906,23.2874281365187,24.5907319840136,23.4575560771784,23.8600050493304,23.8588212086887,24.063889035139,26.9351510000666
"1212",2021-04-27,NA,28.4767538111298,23.860001,23.860001,23.860001,23.8600050052906,23.2645251534959,24.6363003685556,23.4414581845033,23.8600050493304,23.8588212086887,24.0677345654605,27.0373578510948
"1213",2021-04-28,NA,28.4767538111298,23.860001,23.860001,23.860001,23.8600050052906,23.241622170473,24.6818688609494,23.4253602918281,23.8600050493304,23.8588212086887,24.0641175640283,27.1363626062184
"1214",2021-04-29,NA,28.4767538111298,23.860001,23.860001,23.860001,23.8600050052906,23.2187191874501,24.7274371286467,23.409262399153,23.8600050493304,23.8588212086887,24.0583180927352,27.2317470567828
"1215",2021-04-30,NA,28.4767538111298,23.860001,23.860001,23.860001,23.8600050052906,23.1958162044273,24.7730055065623,23.3931645064779,23.8600050493304,23.8588212086887,24.0565426375968,27.3237665768548
"1216",2021-05-01,NA,28.4767538111298,23.860001,23.860001,23.860001,23.8600050052906,23.1729132214044,24.8185738814138,23.3770666138027,23.8600050493304,23.8588212086887,24.0596075248325,27.4122657955424
"1217",2021-05-02,NA,28.4767538111298,23.860001,23.860001,23.860001,23.8600050052906,23.1500102383816,24.8641423396033,23.3609687211276,23.8600050493304,23.8588212086887,24.0633812047868,27.4972826714763
"1218",2021-05-03,NA,28.4767538111298,23.860001,23.860001,23.860001,23.8600050052906,23.1271072553587,24.9097105772252,23.3448708284524,23.8600050493304,23.8588212086887,24.0639894484015,27.5790608531524
"1219",2021-05-04,NA,28.4767538111298,23.860001,23.860001,23.860001,23.8600050052906,23.1042042723358,24.9552788031112,23.3287729357773,23.8600050493304,23.8588212086887,24.061565302487,27.6575849844231
"1220",2021-05-05,NA,28.4767538111298,23.860001,23.860001,23.860001,23.8600050052906,23.081301289313,25.0008473354407,23.3126750431022,23.8600050493304,23.8588212086887,24.0591927222095,27.7330929726808
"1221",2021-05-06,NA,28.4767538111298,23.860001,23.860001,23.860001,23.8600050052906,23.0583983062901,25.0464156014457,23.296577150427,23.8600050493304,23.8588212086887,24.0591926690549,27.8057422262596
"1222",2021-05-07,NA,28.4767538111298,23.860001,23.860001,23.860001,23.8600050052906,23.0354953232673,25.0919840547319,23.2804792577519,23.8600050493304,23.8588212086887,24.0610172204299,27.8757188450831
"1223",2021-05-08,NA,28.4767538111298,23.860001,23.860001,23.860001,23.8600050052906,23.0125923402444,25.1375524990241,23.2643813650767,23.8600050493304,23.8588212086887,24.0624509387202,27.9431822035835
"1224",2021-05-09,NA,28.4767538111298,23.860001,23.860001,23.860001,23.8600050052906,22.9896893572216,25.1831207847098,23.2482834724016,23.8600050493304,23.8588212086887,24.0621743705991,28.008328238147
"1225",2021-05-10,NA,28.4767538111298,23.860001,23.860001,23.860001,23.8600050052906,22.9667863741987,25.2286892164561,23.2321855797265,23.8600050493304,23.8588212086887,24.0608544746664,28.0713226124894
"1226",2021-05-11,NA,28.4767538111298,23.860001,23.860001,23.860001,23.8600050052906,22.9438833911758,25.2742574189898,23.2160876870513,23.8600050493304,23.8588212086887,24.0600300303553,28.1323216073924
"1227",2021-05-12,NA,28.4767538111298,23.860001,23.860001,23.860001,23.8600050052906,22.920980408153,25.3198258200865,23.1999897943762,23.8600050493304,23.8588212086887,24.0603972507644,28.1914875951304
"1228",2021-05-13,NA,28.4767538111298,23.860001,23.860001,23.860001,23.8600050052906,22.8980774251301,25.3653941668941,23.183891901701,23.8600050493304,23.8588212086887,24.0613198265757,28.2489568008652
"1229",2021-05-14,NA,28.4767538111298,23.860001,23.860001,23.860001,23.8600050052906,22.8751744421073,25.4109626399611,23.1677940090259,23.8600050493304,23.8588212086887,24.0617623541008,28.3048650727158
"1230",2021-05-15,NA,28.4767538111298,23.860001,23.860001,23.860001,23.8600050052906,22.8522714590844,25.4565309052979,23.1516961163507,23.8600050493304,23.8588212086887,24.0614005873935,28.3593327955051
"1231",2021-05-16,NA,28.4767538111298,23.860001,23.860001,23.860001,23.8600050052906,22.8293684760615,25.5020992775127,23.1355982236756,23.8600050493304,23.8588212086887,24.0607760036471,28.4124708889445
"1232",2021-05-17,NA,28.4767538111298,23.860001,23.860001,23.860001,23.8600050052906,22.8064654930387,25.5476677622548,23.1195003310005,23.8600050493304,23.8588212086887,24.0605634352163,28.4643786551934
"1233",2021-05-18,NA,28.4767538111298,23.860001,23.860001,23.860001,23.8600050052906,22.7835625100158,25.5932360163288,23.1034024383253,23.8600050493304,23.8588212086887,24.0608767310319,28.5151476025716
"1234",2021-05-19,NA,28.4767538111298,23.860001,23.860001,23.860001,23.8600050052906,22.760659526993,25.6388044594122,23.0873045456502,23.8600050493304,23.8588212086887,24.0612863816226,28.5648590442736
"1235",2021-05-20,NA,28.4767538111298,23.860001,23.860001,23.860001,23.8600050052906,22.7377565439701,25.6843727194284,23.071206652975,23.8600050493304,23.8588212086887,24.0613673377932,28.6135856153229
"1236",2021-05-21,NA,28.4767538111298,23.860001,23.860001,23.860001,23.8600050052906,22.7148535609473,25.729941057176,23.0551087602999,23.8600050493304,23.8588212086887,24.0611159157804,28.661393386835
